sequence_name,hamming_distance,overlap_length,hamming_per_overlap,sampling_date_str,sampling_date,days_since_ref,overlap_coverage
IDN/10761001089/2021|2021-06-08,7,2717,0.002576370997423629,2021-06-08,2021-06-08,530,0.7108843537414966
BGD/NGRI-R2-O7/2020|2020-08-11,1,3822,2.6164311878597594e-4,2020-08-11,2020-08-11,229,1
GEO/MM001352/2020|2020-04-04,1,3822,2.6164311878597594e-4,2020-04-04,2020-04-04,100,1
PAK/SARS-CoV-2_117/2020|2020-04-23,2,3822,5.232862375719519e-4,2020-04-23,2020-04-23,119,1
PAK/SARS-CoV-2_134/2020|2020-03-16,2,3822,5.232862375719519e-4,2020-03-16,2020-03-16,81,1
PAK/AKUs47/2020|2020-07-24,2,3822,5.232862375719519e-4,2020-07-24,2020-07-24,211,1
PAK/JRCGR-KHI36/2020|2020-08-10,3,3753,7.993605115907274e-4,2020-08-10,2020-08-10,228,0.9819466248037677
ITA/APU-POLBA01/2020|2020-12-19,7,3813,0.0018358248098610018,2020-12-19,2020-12-19,359,0.9976452119309263
WestBank/AAS11/2020|2020-11-05,3,3822,7.849293563579278e-4,2020-11-05,2020-11-05,315,1
BGD/GC001/2021|2021-01-31,8,3813,0.002098085496984002,2021-01-31,2021-01-31,402,0.9976452119309263
BRA/ViroUNIFESP-V521-B/2021|2021-03-31,12,3637,0.003299422601044817,2021-03-31,2021-03-31,461,0.9515960230245945
IND/GBRC1266/2021|2021-06-26,9,3816,0.0023584905660377358,2021-06-26,2021-06-26,548,0.9984301412872841
Peru/PE-LMA-UW21112340735/2021|2021-11-23,9,3816,0.0023584905660377358,2021-11-23,2021-11-23,698,0.9984301412872841
NGA/CV641/2020|2020-12-29,7,3813,0.0018358248098610018,2020-12-29,2020-12-29,369,0.9976452119309263
SWE/14_SE300_DE20-018682/2020|2020-05-02,2,3822,5.232862375719519e-4,2020-05-02,2020-05-02,128,1
MYS/M_N19563/2020|2020-11-13,3,3822,7.849293563579278e-4,2020-11-13,2020-11-13,323,1
KOR/KCDC05/2020|2020-01-30,0,3822,0,2020-01-30,2020-01-30,35,1
IDN/10761001023/2021|2021-01-12,3,3821,7.851347814708192e-4,2021-01-12,2021-01-12,383,0.999738356881214
PAK/JRCGR_SCV-53_IBGE-05/2020|2020-12-10,4,3822,0.0010465724751439038,2020-12-10,2020-12-10,350,1
CHN/SH-P176-4-North-America-Mexico/2020|2020-06-08,1,3822,2.6164311878597594e-4,2020-06-08,2020-06-08,165,1
OV486865|2021-12-13,7,3802,0.001841136244082062,2021-12-13,2021-12-13,718,0.9947671376242805
UGA/MUWRP-MUL016N/2020|2020-12-12,7,3822,0.0018315018315018315,2020-12-12,2020-12-12,352,1
Japan/SZ-NIG-Y212209/2021|2021-12-07,9,3816,0.0023584905660377358,2021-12-07,2021-12-07,712,0.9984301412872841
UGA/MUWRP-KIR200040S/2020|2020-07-31,0,3822,0,2020-07-31,2020-07-31,218,1
IND/KA-NIMH-SEQ-107/2021|2021-01-10,7,3813,0.0018358248098610018,2021-01-10,2021-01-10,381,0.9976452119309263
BRA/MS-NXBS230GENOV701211390446/2021|2021-05-13,12,3637,0.003299422601044817,2021-05-13,2021-05-13,504,0.9515960230245945
CHN/SH-P186-4-Europe-Ukraine/2020|2020-09-18,3,3822,7.849293563579278e-4,2020-09-18,2020-09-18,267,1
CHN/Qingdao_20420/2020|2020-10-11,3,3822,7.849293563579278e-4,2020-10-11,2020-10-11,290,1
CHN/S205-2223-350499/2021|2021-09-02,8,3816,0.0020964360587002098,2021-09-02,2021-09-02,616,0.9984301412872841
PHL/COVID-74873/2021|2021-07-03,9,3813,0.0023603461841070024,2021-07-03,2021-07-03,555,0.9976452119309263
CHN/SH-P196-B-4-Europe-UK/2020|2020-08-22,1,3822,2.6164311878597594e-4,2020-08-22,2020-08-22,240,1
IND/GBRC757/2021|2021-04-23,8,3816,0.0020964360587002098,2021-04-23,2021-04-23,484,0.9984301412872841
Homosampiens/CHN/5729/2020|2020-03-26,0,3822,0,2020-03-26,2020-03-26,91,1
ZAF/NHLS-UCT-GS-0058/2020|2020-03-25,1,3782,2.6441036488630354e-4,2020-03-25,2020-03-25,90,0.989534275248561
EGY/Egypt-Army-Thirdwave-300/2021|2021-04-25,10,3821,0.0026171159382360636,2021-04-25,2021-04-25,486,0.999738356881214
IND/INSACOG-GBRC1606/2021|2021-08-21,9,3816,0.0023584905660377358,2021-08-21,2021-08-21,604,0.9984301412872841
MWI/MLW001048/2021|2021-02-01,7,3738,0.0018726591760299626,2021-02-01,2021-02-01,403,0.978021978021978
TGO/nmimr-TG-SARS-CoV-2-TGS-057-21/2021|2021-02-20,9,3813,0.0023603461841070024,2021-02-20,2021-02-20,422,0.9976452119309263
CHN/6238/2021|2021-06-05,8,3812,0.002098635886673662,2021-06-05,2021-06-05,527,0.9973835688121402
IND/GBRC592b/2021|2021-02-19,7,3813,0.0018358248098610018,2021-02-19,2021-02-19,421,0.9976452119309263
RUS/Primorye_3793/2020|2020-11-02,4,3822,0.0010465724751439038,2020-11-02,2020-11-02,312,1
BRA/Rio-NS1/2020|2020-06-09,1,3822,2.6164311878597594e-4,2020-06-09,2020-06-09,166,1
BGD/IEDCR-OIS-0263/2021|2021-06-20,7,3815,0.001834862385321101,2021-06-20,2021-06-20,542,0.9981684981684982
IND/hospital_2_110/2021|2021-04-07,7,3630,0.001928374655647383,2021-04-07,2021-04-07,468,0.9497645211930926
VNM/OUCRU-NHTD_B329/2021|2021-02-07,6,3813,0.0015735641227380016,2021-02-07,2021-02-07,409,0.9976452119309263
USA/0-67409-3/2021|2021-01-09,6,3820,0.0015706806282722514,2021-01-09,2021-01-09,380,0.9994767137624281
IRN/4058/2020|2020-09-25,3,3822,7.849293563579278e-4,2020-09-25,2020-09-25,274,1
USA/C014153171/2020|2020-09-16,4,3822,0.0010465724751439038,2020-09-16,2020-09-16,265,1
HG994234|2020-08-20,2,3822,5.232862375719519e-4,2020-08-20,2020-08-20,238,1
PAK/SARS-CoV-2_91/2020|2020-04-15,2,3822,5.232862375719519e-4,2020-04-15,2020-04-15,111,1
EGY/CPHL-NRC-18/2020|2020-03-25,1,3822,2.6164311878597594e-4,2020-03-25,2020-03-25,90,1
EGY/CPHL-NRC-22/2020|2020-03-13,1,3822,2.6164311878597594e-4,2020-03-13,2020-03-13,78,1
EGY/CPHL-NRC-1/2020|2020-06-10,1,3722,2.6867275658248256e-4,2020-06-10,2020-06-10,167,0.9738356881214024
EGY/CPHL-NRC-3/2020|2020-04-05,1,3590,2.785515320334262e-4,2020-04-05,2020-04-05,101,0.9392987964416536
TUN/TUN-202069681/2020|2020-12-24,4,3822,0.0010465724751439038,2020-12-24,2020-12-24,364,1
IND/CMP_30_FMR/2020|2020-09-09,2,3822,5.232862375719519e-4,2020-09-09,2020-09-09,258,1
KEN/C4691/2020|2020-05-05,1,3822,2.6164311878597594e-4,2020-05-05,2020-05-05,131,1
NGA/CV256/2020|2020-04-20,1,3822,2.6164311878597594e-4,2020-04-20,2020-04-20,116,1
IND/GBRC496/2020|2020-11-28,3,3822,7.849293563579278e-4,2020-11-28,2020-11-28,338,1
IND/GBRC521b/2020|2020-11-27,3,3822,7.849293563579278e-4,2020-11-27,2020-11-27,337,1
IND/GBRC544a/2021|2021-01-01,3,3822,7.849293563579278e-4,2021-01-01,2021-01-01,372,1
BRA/PR-HF279/2021|2021-04-10,8,3813,0.002098085496984002,2021-04-10,2021-04-10,471,0.9976452119309263
MEX/YUC-4_4113/2021|2021-12-06,8,3816,0.0020964360587002098,2021-12-06,2021-12-06,711,0.9984301412872841
Pakistan/UHS2-Pak-448/2021|2021-06-01,10,3546,0.0028200789622109417,2021-06-01,2021-06-01,523,0.9277864992150706
IDN/10761001046/2021|2021-02-24,4,3627,0.0011028398125172319,2021-02-24,2021-02-24,426,0.9489795918367347
SWE/14_SE300_DE20-027089/2020|2020-06-02,1,3822,2.6164311878597594e-4,2020-06-02,2020-06-02,159,1
ETH/AH-003/2020|2020-11-10,4,3822,0.0010465724751439038,2020-11-10,2020-11-10,320,1
IND/CWS_0078_55266732/2021|2021-06-10,6,3809,0.0015752165922814387,2021-06-10,2021-06-10,532,0.9965986394557823
IND/387MN908947.3/2021|2021-09-10,8,3822,0.0020931449502878076,2021-09-10,2021-09-10,624,1
BGD/BSMMU-15/2020|2020-12-03,2,3822,5.232862375719519e-4,2020-12-03,2020-12-03,343,1
CHN/SH-P78-B-3-Europe-Italy/2020|2020-03-26,2,3822,5.232862375719519e-4,2020-03-26,2020-03-26,91,1
PHL/PH-DDOPH-12-4/2021|2021-05-27,8,3509,0.002279851809632374,2021-05-27,2021-05-27,518,0.9181057038199896
Pakistan/UHS2-Pak-8/2021|2021-05-01,7,3546,0.0019740552735476595,2021-05-01,2021-05-01,492,0.9277864992150706
IND/KA-NIMH-SEQ-136/2020|2020-11-30,2,3822,5.232862375719519e-4,2020-11-30,2020-11-30,340,1
MEX/CMX-4/2020|2020-03-29,0,3822,0,2020-03-29,2020-03-29,94,1
KEN/SS2821/2020|2020-10-12,2,3822,5.232862375719519e-4,2020-10-12,2020-10-12,291,1
CHN/S167-1694-310521/2021|2021-07-15,8,3816,0.0020964360587002098,2021-07-15,2021-07-15,567,0.9984301412872841
TZA/KIDH-02B02/2021|2021-04-26,8,3813,0.002098085496984002,2021-04-26,2021-04-26,487,0.9976452119309263
PHL/PH-CRMC-13-16/2021|2021-05-23,11,3644,0.0030186608122941823,2021-05-23,2021-05-23,514,0.9534275248560963
CHN/5994/2021|2021-05-31,8,3816,0.0020964360587002098,2021-05-31,2021-05-31,522,0.9984301412872841
CMR/CERI-NPHL-K026244/2021|2021-09-23,7,3123,0.002241434518091579,2021-09-23,2021-09-23,637,0.8171114599686028
CHN/6050/2021|2021-05-29,8,3816,0.0020964360587002098,2021-05-29,2021-05-29,520,0.9984301412872841
Peru/PE-LMA-UW21042796607/2021|2021-04-27,7,3801,0.001841620626151013,2021-04-27,2021-04-27,488,0.9945054945054945
NLD/EMC-Beta-1/2021|2021-01-20,8,3813,0.002098085496984002,2021-01-20,2021-01-20,391,0.9976452119309263
JOR/SEARCH-5429-JOR/2020|2020-08-18,3,3822,7.849293563579278e-4,2020-08-18,2020-08-18,236,1
OU074088|2021-02-11,1,3822,2.6164311878597594e-4,2021-02-11,2021-02-11,413,1
IND/INSACOG-GBRC1480/2021|2021-07-10,9,3816,0.0023584905660377358,2021-07-10,2021-07-10,562,0.9984301412872841
CHN/SH-P64-B-2-Asia-Japan/2020|2020-02-29,1,3822,2.6164311878597594e-4,2020-02-29,2020-02-29,65,1
NGA/CV294/2020|2020-07-08,1,3822,2.6164311878597594e-4,2020-07-08,2020-07-08,195,1
NGA/CV2771/2021|2021-08-26,6,3816,0.0015723270440251573,2021-08-26,2021-08-26,609,0.9984301412872841
UZB/UZB-399/2021|2021-06-25,9,3663,0.002457002457002457,2021-06-25,2021-06-25,547,0.9583987441130298
England/MILK-15D9518/2021|2021-05-28,8,3816,0.0020964360587002098,2021-05-28,2021-05-28,519,0.9984301412872841
BGD/IEDCR-OIS-0001/2021|2021-05-02,8,3595,0.0022253129346314327,2021-05-02,2021-05-02,493,0.9406070120355835
CHN/S149-1294-248389/2021|2021-04-12,5,3822,0.0013082155939298796,2021-04-12,2021-04-12,473,1
CHN/5976/2021|2021-05-30,8,3717,0.0021522733387140166,2021-05-30,2021-05-30,521,0.9725274725274725
IDN/10761001063/2021|2021-03-23,5,3627,0.0013785497656465398,2021-03-23,2021-03-23,453,0.9489795918367347
IDN/10761001030/2021|2021-01-27,2,3506,5.704506560182544e-4,2021-01-27,2021-01-27,398,0.9173207744636316
Mexico/SEARCH-102584/2020|2020-04-12,2,3822,5.232862375719519e-4,2020-04-12,2020-04-12,108,1
PER/CF02000-SW-V0101/2021|2021-08-04,5,3801,0.0013154433043935806,2021-08-04,2021-08-04,587,0.9945054945054945
IND/ICMR-NIRTH-S1/2020|2020-03-27,2,3822,5.232862375719519e-4,2020-03-27,2020-03-27,92,1
MEX/SEARCH-6636/2020|2020-12-07,5,3791,0.0013189132155104195,2020-12-07,2020-12-07,347,0.9918890633176347
MEX/CMX-56/2020|2020-05-20,2,3822,5.232862375719519e-4,2020-05-20,2020-05-20,146,1
IDN/10752101037/2021|2021-10-13,5,2813,0.0017774617845716318,2021-10-13,2021-10-13,657,0.7360020931449502
FRA/21102180472/2021|2021-10-11,6,3692,0.0016251354279523294,2021-10-11,2021-10-11,655,0.9659863945578231
IND/ICMR-NIRTH-S13/2020|2020-04-07,1,3797,2.633658151171978e-4,2020-04-07,2020-04-07,103,0.9934589220303506
NGA/CV4737/2021|2021-10-10,11,3816,0.002882599580712788,2021-10-10,2021-10-10,654,0.9984301412872841
PHL/COVID58620/2021|2021-04-08,9,3813,0.0023603461841070024,2021-04-08,2021-04-08,469,0.9976452119309263
IND/KA-NIMH-SEQ-30/2020|2020-12-24,3,3822,7.849293563579278e-4,2020-12-24,2020-12-24,364,1
PHL/COVID55604/2021|2021-03-26,9,3615,0.0024896265560165973,2021-03-26,2021-03-26,456,0.945839874411303
USA/TN-SPHL-1353/2021|2021-01-14,2,3778,5.293806246691371e-4,2021-01-14,2021-01-14,385,0.988487702773417
IND/KA-NIMH-SEQ-24/2020|2020-12-23,1,3822,2.6164311878597594e-4,2020-12-23,2020-12-23,363,1
NOR/Bergen-01/2020|2020-03-18,2,3822,5.232862375719519e-4,2020-03-18,2020-03-18,83,1
IND/INSACOG-GBRC1593/2021|2021-08-16,7,3669,0.0019078768056691197,2021-08-16,2021-08-16,599,0.9599686028257457
CHN/Qingdao_305/2020|2020-10-10,3,3822,7.849293563579278e-4,2020-10-10,2020-10-10,289,1
IND/GBRC557b/2021|2021-01-11,4,3822,0.0010465724751439038,2021-01-11,2021-01-11,382,1
OQ788230|2021-10-15,10,3816,0.002620545073375262,2021-10-15,2021-10-15,659,0.9984301412872841
USA/AL-CDC-FG-012122/2021|2021-03-22,5,3822,0.0013082155939298796,2021-03-22,2021-03-22,452,1
TUR/Erbil6/2021|2021-03-09,7,3818,0.0018334206390780514,2021-03-09,2021-03-09,439,0.998953427524856
NGA/CV250/2020|2020-07-10,1,3822,2.6164311878597594e-4,2020-07-10,2020-07-10,197,1
NGA/CV389/2020|2020-08-17,1,3822,2.6164311878597594e-4,2020-08-17,2020-08-17,235,1
NGA/CV2311/2021|2021-08-11,10,3815,0.002621231979030144,2021-08-11,2021-08-11,594,0.9981684981684982
CHN/SH-P24-B-2-Wuhan/2020|2020-02-15,1,3822,2.6164311878597594e-4,2020-02-15,2020-02-15,51,1
IDN/10761001087/2021|2021-05-06,5,3627,0.0013785497656465398,2021-05-06,2021-05-06,497,0.9489795918367347
NGA/CV1322/2021|2021-02-16,7,3395,0.002061855670103093,2021-02-16,2021-02-16,418,0.8882783882783882
IND/KA-NIMH-SEQ-137/2020|2020-11-24,3,3822,7.849293563579278e-4,2020-11-24,2020-11-24,334,1
THA/CONI-0482/2021|2021-01-31,2,3636,5.5005500550055e-4,2021-01-31,2021-01-31,402,0.9513343799058085
IDN/10752101012/2021|2021-04-01,3,3424,8.761682242990654e-4,2021-04-01,2021-04-01,462,0.8958660387231816
Colombia/CO-SAN-UW21111638288/2021|2021-11-16,6,3282,0.0018281535648994515,2021-11-16,2021-11-16,691,0.858712715855573
UZB/hCoV-19-Uzb-CGB-37/2021|2021-07-23,7,3804,0.001840168243953733,2021-07-23,2021-07-23,575,0.9952904238618524
PRY/WOR12903A654_202103293_2-4710615/2020|2020-07-30,2,3821,5.234231876472127e-4,2020-07-30,2020-07-30,217,0.999738356881214
LC655319|2020-05-07,2,3822,5.232862375719519e-4,2020-05-07,2020-05-07,133,1
SOM/NAMRU3_Mog_32/2021|2021-02-28,8,3813,0.002098085496984002,2021-02-28,2021-02-28,430,0.9976452119309263
IND/CWS_0047_54463387/2021|2021-06-08,6,3763,0.0015944724953494552,2021-06-08,2021-06-08,530,0.9845630559916274
OU324562|2021-04-21,8,3813,0.002098085496984002,2021-04-21,2021-04-21,482,0.9976452119309263
CHN/SH-P95-3-Europe-UK/2020|2020-04-02,1,3822,2.6164311878597594e-4,2020-04-02,2020-04-02,98,1
PHL/COVID52511/2021|2021-03-18,7,3813,0.0018358248098610018,2021-03-18,2021-03-18,448,0.9976452119309263
Colombia/CO-DC-UW21062956468/2021|2021-06-29,9,3822,0.002354788069073783,2021-06-29,2021-06-29,551,1
IND/IGIB107016/2020|2020-08-01,1,3820,2.617801047120419e-4,2020-08-01,2020-08-01,219,0.9994767137624281
CAN/NML_Gamma_P2/2021|2021-04-20,13,3822,0.003401360544217687,2021-04-20,2021-04-20,481,1
BEN/1408/2020|2020-04-04,1,3821,2.6171159382360636e-4,2020-04-04,2020-04-04,100,0.999738356881214
PAK/SARS-CoV-2_6/2020|2020-05-29,2,3822,5.232862375719519e-4,2020-05-29,2020-05-29,155,1
PAK/AKUs46/2020|2020-08-25,2,3822,5.232862375719519e-4,2020-08-25,2020-08-25,243,1
PAK/JRCGR-KHI48/2020|2020-08-04,3,3822,7.849293563579278e-4,2020-08-04,2020-08-04,222,1
EGY/EGY_CCHE57357_A_58/2020|2020-07-23,0,3822,0,2020-07-23,2020-07-23,210,1
GHA/WACCBIP_nCoV_GS34/2020|2020-08-03,2,3820,5.235602094240838e-4,2020-08-03,2020-08-03,221,0.9994767137624281
GHA/WACCBIP_nCoV_GS162/2021|2021-01-06,7,3813,0.0018358248098610018,2021-01-06,2021-01-06,377,0.9976452119309263
PHL/PH-PGC-00401/2020|2020-12-10,7,3807,0.0018387181507748883,2020-12-10,2020-12-10,350,0.9960753532182104
PHL/PH-PGC-02225/2021|2021-01-08,7,3810,0.001837270341207349,2021-01-08,2021-01-08,379,0.9968602825745683
PHL/PH-PGC-02886/2021|2021-01-16,7,3640,0.0019230769230769232,2021-01-16,2021-01-16,387,0.9523809523809523
BRA/ViroUNIFESP-V399-B/2021|2021-01-26,3,3822,7.849293563579278e-4,2021-01-26,2021-01-26,397,1
Japan/sb_ncgm_sars_cov_2_08335/2021|2021-01-11,4,3822,0.0010465724751439038,2021-01-11,2021-01-11,382,1
PAK/JRCGR_SCV-56_IBGE-08/2020|2020-12-10,5,3822,0.0013082155939298796,2020-12-10,2020-12-10,350,1
IND/GBRC515/2020|2020-11-29,4,3822,0.0010465724751439038,2020-11-29,2020-11-29,339,1
EGY/CPHL-NRC-17/2020|2020-03-25,1,3589,0.00027862914460852607,2020-03-25,2020-03-25,90,0.9390371533228676
IND/CMP_31_FMR/2020|2020-09-09,6,3593,0.0016699137211244085,2020-09-09,2020-09-09,258,0.9400837257980115
ISR/hCov-19-Israel-CVL-n-8411/2020|2020-04-16,1,3822,2.6164311878597594e-4,2020-04-16,2020-04-16,112,1
ESP/hCoV-19_Spain_CT-HUVH-16597_2021/2021|2021-01-20,8,3813,0.002098085496984002,2021-01-20,2021-01-20,391,0.9976452119309263
EGY/PHARCO-ARMY69/2021|2021-03-22,6,3819,0.0015710919088766694,2021-03-22,2021-03-22,452,0.9992150706436421
IDN/10761001034/2021|2021-02-04,3,3822,7.849293563579278e-4,2021-02-04,2021-02-04,406,1
PHL/210316-2/2021|2021-03-16,9,3807,0.002364066193853428,2021-03-16,2021-03-16,446,0.9960753532182104
UGA/MUWRP-JIN200227S/2020|2020-10-31,2,3822,5.232862375719519e-4,2020-10-31,2020-10-31,310,1
USA/WI-CDC-ASC210610262/2021|2021-12-11,10,3816,0.002620545073375262,2021-12-11,2021-12-11,716,0.9984301412872841
CHN/S171-1780-316574/2021|2021-08-01,8,3816,0.0020964360587002098,2021-08-01,2021-08-01,584,0.9984301412872841
IRQ/Samawa-50/2021|2021-02-22,4,3822,0.0010465724751439038,2021-02-22,2021-02-22,424,1
IDN/10761001080/2021|2021-04-28,5,3626,0.0013789299503585218,2021-04-28,2021-04-28,489,0.9487179487179487
BRA/20427/2020|2020-08-18,4,3809,0.0010501443948542925,2020-08-18,2020-08-18,236,0.9965986394557823
NGA/CV631/2020|2020-11-26,5,3622,0.0013804527885146328,2020-11-26,2020-11-26,336,0.9476713762428048
IND/INSACOG-GBRC1446/2021|2021-04-29,7,3760,0.0018617021276595746,2021-04-29,2021-04-29,490,0.9837781266352695
OM065346|2020-01-29,2,3822,5.232862375719519e-4,2020-01-29,2020-01-29,34,1
LC655378|2021-03-08,2,3822,5.232862375719519e-4,2021-03-08,2021-03-08,438,1
IND/ICMR-NIRTH-S2/2020|2020-03-27,2,3822,5.232862375719519e-4,2020-03-27,2020-03-27,92,1
IND/INSACOG-GBRC1523/2021|2021-08-09,7,3816,0.0018343815513626835,2021-08-09,2021-08-09,592,0.9984301412872841
VEN/Dtt54/2021|2021-03-13,12,3822,0.0031397174254317113,2021-03-13,2021-03-13,443,1
OU994318|2020-05-24,0,3822,0,2020-05-24,2020-05-24,150,1
Homosampiens/CHN/YB20200116031/2020|2020-01-16,0,3822,0,2020-01-16,2020-01-16,21,1
BRA/PI-NVBS11158GENOV701347468859/2021|2021-12-03,7,3816,0.0018343815513626835,2021-12-03,2021-12-03,708,0.9984301412872841
TZA/KIDH-02B14/2021|2021-05-03,7,3542,0.001976284584980237,2021-05-03,2021-05-03,494,0.9267399267399268
IND/Hisar/2020|2020-05-10,2,3822,5.232862375719519e-4,2020-05-10,2020-05-10,136,1
PAK/JRCGR_KHI_SCV-132/2021|2021-08-02,9,3816,0.0023584905660377358,2021-08-02,2021-08-02,585,0.9984301412872841
OZ064149|2021-07-28,9,3407,0.0026416201937188143,2021-07-28,2021-07-28,580,0.89141810570382
BGD/BCSIR-SUST-03/2021|2021-01-08,8,3813,0.002098085496984002,2021-01-08,2021-01-08,379,0.9976452119309263
ZAF/NHLS-UCT-GS-AE07/2021|2021-08-20,5,3739,0.001337255950788981,2021-08-20,2021-08-20,603,0.978283621140764
USA/MN-CDC-QDX27053458/2021|2021-07-19,12,3816,0.0031446540880503146,2021-07-19,2021-07-19,571,0.9984301412872841
FRA/21052270251/2021|2021-05-25,7,3479,0.002012072434607646,2021-05-25,2021-05-25,516,0.9102564102564102
OZ068118|2021-12-05,8,3597,0.0022240756185710315,2021-12-05,2021-12-05,710,0.9411302982731554
JOR/SEARCH-5479-JOR/2020|2020-09-14,3,3822,7.849293563579278e-4,2020-09-14,2020-09-14,263,1
CHN/S260-4001-474631/2021|2021-12-26,8,3816,0.0020964360587002098,2021-12-26,2021-12-26,731,0.9984301412872841
IND/INSACOG-GBRC1473/2021|2021-07-05,8,3816,0.0020964360587002098,2021-07-05,2021-07-05,557,0.9984301412872841
NZL/21CV0210/2021|2021-07-12,10,3816,0.002620545073375262,2021-07-12,2021-07-12,564,0.9984301412872841
Colombia/CO-DC-UW20120736989/2020|2020-12-07,2,3822,5.232862375719519e-4,2020-12-07,2020-12-07,347,1
NGA/CV172/2020|2020-06-11,2,3587,5.575689991636465e-4,2020-06-11,2020-06-11,168,0.9385138670852956
Colombia/UW21010585087/2021|2021-01-05,2,3819,5.236973029588898e-4,2021-01-05,2021-01-05,376,0.9992150706436421
PAK/IoM-II/2021|2021-01-07,2,3822,5.232862375719519e-4,2021-01-07,2021-01-07,378,1
BRA/21893967RVR/2021|2021-07-06,15,3822,0.003924646781789639,2021-07-06,2021-07-06,558,1
PAK/AKUs19/2020|2020-05-20,2,3822,5.232862375719519e-4,2020-05-20,2020-05-20,146,1
IRN/12624/2020|2020-04-28,0,3822,0,2020-04-28,2020-04-28,124,1
OZ192266|2021-07-09,12,3822,0.0031397174254317113,2021-07-09,2021-07-09,561,1
BRA/29866/2020|2020-09-18,3,3822,7.849293563579278e-4,2020-09-18,2020-09-18,267,1
IND/GBRC507b/2020|2020-12-14,4,3822,0.0010465724751439038,2020-12-14,2020-12-14,354,1
IND/20/2021|2021-12-23,8,3822,0.0020931449502878076,2021-12-23,2021-12-23,728,1
OU077231|2020-12-16,5,3822,0.0013082155939298796,2020-12-16,2020-12-16,356,1
Homosampiens/CHN/AY316/2020|2020-02-03,1,3822,2.6164311878597594e-4,2020-02-03,2020-02-03,39,1
ETH/S3/2021|2021-01-26,3,3822,7.849293563579278e-4,2021-01-26,2021-01-26,397,1
KEN/C76874/2020|2020-12-10,2,3820,5.235602094240838e-4,2020-12-10,2020-12-10,350,0.9994767137624281
EGY/CCHE57357_W3_A139/2021|2021-06-03,5,3822,0.0013082155939298796,2021-06-03,2021-06-03,525,1
CHN/SH-P150-3-Europe-Russia/2020|2020-04-13,2,3822,5.232862375719519e-4,2020-04-13,2020-04-13,109,1
CHN/S147-1288-245897/2021|2021-04-10,4,3822,0.0010465724751439038,2021-04-10,2021-04-10,471,1
CHN/S169-1748-317361/2021|2021-07-28,9,3816,0.0023584905660377358,2021-07-28,2021-07-28,580,0.9984301412872841
CAN/Quebec-21697/2020|2020-03-28,1,3820,2.617801047120419e-4,2020-03-28,2020-03-28,93,0.9994767137624281
IDN/10761001047/2021|2021-02-25,4,3627,0.0011028398125172319,2021-02-25,2021-02-25,427,0.9489795918367347
PAK/JRCGR_SCV-64/2020|2020-11-20,4,3767,0.0010618529333687285,2020-11-20,2020-11-20,330,0.9856096284667714
OZ067555|2021-11-27,9,3719,0.0024200053777897286,2021-11-27,2021-11-27,702,0.9730507587650444
BGD/NGRI-R2-1/2020|2020-09-26,2,3822,5.232862375719519e-4,2020-09-26,2020-09-26,275,1
DOM/3002833734_728822/2021|2021-05-17,10,3822,0.0026164311878597592,2021-05-17,2021-05-17,508,1
CMR/CAM-102/2021|2021-01-21,5,3822,0.0013082155939298796,2021-01-21,2021-01-21,392,1
Iraq/KR-SEARCH-119957/2021|2021-10-16,11,3790,0.0029023746701846965,2021-10-16,2021-10-16,660,0.9916274201988488
IND/GBRC486b/2020|2020-11-24,1,3819,2.618486514794449e-4,2020-11-24,2020-11-24,334,0.9992150706436421
UGA/MAKCHScov8/2021|2021-02-19,2,3621,5.523336095001381e-4,2021-02-19,2021-02-19,421,0.9474097331240189
IND/GBRC638a/2021|2021-03-27,8,3816,0.0020964360587002098,2021-03-27,2021-03-27,457,0.9984301412872841
ZAF/NHLS-UCT-GS-AE72/2021|2021-10-21,6,3816,0.0015723270440251573,2021-10-21,2021-10-21,665,0.9984301412872841
RUS/RUSPrimorye_7014/2021|2021-07-02,7,3816,0.0018343815513626835,2021-07-02,2021-07-02,554,0.9984301412872841
IND/GBRC493b/2020|2020-11-27,2,3822,5.232862375719519e-4,2020-11-27,2020-11-27,337,1
IND/GBRC630a/2021|2021-04-01,8,3816,0.0020964360587002098,2021-04-01,2021-04-01,462,0.9984301412872841
NLD/2012292__2019-nCoV/2021|2021-05-20,8,3726,0.0021470746108427268,2021-05-20,2021-05-20,511,0.9748822605965463
CHN/HK_Silka_1/2021|2021-09-09,8,3542,0.002258610954263128,2021-09-09,2021-09-09,623,0.9267399267399268
NGA/CV451/2020|2020-05-10,2,3822,5.232862375719519e-4,2020-05-10,2020-05-10,136,1
NGA/CV3478/2021|2021-07-10,7,3816,0.0018343815513626835,2021-07-10,2021-07-10,562,0.9984301412872841
Brazil/UW20120411497/2020|2020-12-04,3,3822,7.849293563579278e-4,2020-12-04,2020-12-04,344,1
PHL/PH-CRMC-13-17/2021|2021-05-24,10,3813,0.0026226068712300026,2021-05-24,2021-05-24,515,0.9976452119309263
IDN/10761001003/2020|2020-12-08,2,3822,5.232862375719519e-4,2020-12-08,2020-12-08,348,1
IDN/10761001097/2021|2021-07-13,8,3270,0.0024464831804281344,2021-07-13,2021-07-13,565,0.8555729984301413
CHN/SH-P177-4-Asia-India/2020|2020-06-10,1,3822,2.6164311878597594e-4,2020-06-10,2020-06-10,167,1
GTM/UGA-1050950/2021|2021-05-25,10,3822,0.0026164311878597592,2021-05-25,2021-05-25,516,1
IND/INSACOG-GBRC1482/2021|2021-06-26,8,3816,0.0020964360587002098,2021-06-26,2021-06-26,548,0.9984301412872841
IND/10/2021|2021-12-23,12,3822,0.0031397174254317113,2021-12-23,2021-12-23,728,1
CHN/Qingdao_20436/2020|2020-10-11,4,3822,0.0010465724751439038,2020-10-11,2020-10-11,290,1
MEX/CMX-161/2020|2020-10-02,1,3822,2.6164311878597594e-4,2020-10-02,2020-10-02,281,1
VNM/OUCRU-NHTD482/2021|2021-07-31,8,3816,0.0020964360587002098,2021-07-31,2021-07-31,583,0.9984301412872841
VEN/Dtt17/2021|2021-05-24,12,3822,0.0031397174254317113,2021-05-24,2021-05-24,515,1
IND/IITRnCoV47/2020|2020-10-20,4,3602,0.001110494169905608,2020-10-20,2020-10-20,299,0.9424385138670853
NGA/CV4799/2021|2021-11-09,8,3816,0.0020964360587002098,2021-11-09,2021-11-09,684,0.9984301412872841
IND/GBRC470a/2020|2020-12-18,6,3822,0.0015698587127158557,2020-12-18,2020-12-18,358,1
OQ788229|2021-10-11,11,3801,0.0028939752696658773,2021-10-11,2021-10-11,655,0.9945054945054945
NGA/CV2511/2021|2021-05-27,7,3813,0.0018358248098610018,2021-05-27,2021-05-27,518,0.9976452119309263
ZAF/NHLS-UCT-GP-L406/2021|2021-05-19,10,3626,0.0027578599007170436,2021-05-19,2021-05-19,510,0.9487179487179487
VNM/HCMC_97/2021|2021-07-17,8,3816,0.0020964360587002098,2021-07-17,2021-07-17,569,0.9984301412872841
BRA/PE-NVBS8423GENOV828230890372/2021|2021-10-07,7,3816,0.0018343815513626835,2021-10-07,2021-10-07,651,0.9984301412872841
CHN/S216-2858-388873/2021|2021-10-23,7,3816,0.0018343815513626835,2021-10-23,2021-10-23,667,0.9984301412872841
IDN/10761001014/2020|2020-12-31,3,3627,8.271298593879239e-4,2020-12-31,2020-12-31,371,0.9489795918367347
IDN/10761001090/2021|2021-06-08,7,2999,0.002334111370456819,2021-06-08,2021-06-08,530,0.7846677132391419
PER/AFI00996/2021|2021-06-25,14,3822,0.003663003663003663,2021-06-25,2021-06-25,547,1
ZAF/NHLS-UCT-GS-7131/2020|2020-11-30,7,3813,0.0018358248098610018,2020-11-30,2020-11-30,340,0.9976452119309263
Netherlands/Friesland_6/2020|2020-03-28,1,3822,2.6164311878597594e-4,2020-03-28,2020-03-28,93,1
Wuhan/WIV05/2019|2019-12-30,0,3822,0,2019-12-30,2019-12-30,4,1
CHN/HZ-60/2020|2020-01-22,0,3822,0,2020-01-22,2020-01-22,27,1
CHN/Wuhan_IME-WH01/2019|2019-12-30,0,3822,0,2019-12-30,2019-12-30,4,1
LKA/COV91/2020|2020-03-19,1,3822,2.6164311878597594e-4,2020-03-19,2020-03-19,84,1
AUS/VIC1112/2020|2020-04-07,1,3822,2.6164311878597594e-4,2020-04-07,2020-04-07,103,1
COL/Cali-01/2020|2020-04-02,2,3822,5.232862375719519e-4,2020-04-02,2020-04-02,98,1
BGD/DNAS_CPH_isl_466_BGD/2020|2020-04-28,1,3822,2.6164311878597594e-4,2020-04-28,2020-04-28,124,1
IND/GBRC166a/2020|2020-05-27,2,3822,5.232862375719519e-4,2020-05-27,2020-05-27,153,1
IND/GBRC202/2020|2020-06-05,1,3822,2.6164311878597594e-4,2020-06-05,2020-06-05,162,1
BGD/BCSIR_NILMRC_239/2020|2020-07-06,1,3822,2.6164311878597594e-4,2020-07-06,2020-07-06,193,1
SLE/KGH-G-8790/2020|2020-04-27,1,3822,2.6164311878597594e-4,2020-04-27,2020-04-27,123,1
PHL/COVID-5983/2020|2020-07-18,1,3822,2.6164311878597594e-4,2020-07-18,2020-07-18,205,1
IND/GBRC333/2020|2020-07-27,7,3822,0.0018315018315018315,2020-07-27,2020-07-27,214,1
CHN/P10-SARS-CoV-2/2020|2020-01-29,0,3822,0,2020-01-29,2020-01-29,34,1
AUS/VIC14653/2020|2020-09-16,3,3822,7.849293563579278e-4,2020-09-16,2020-09-16,265,1
MEX/YUC-NYGC-3307-21/2021|2021-01-13,4,3822,0.0010465724751439038,2021-01-13,2021-01-13,384,1
IND/ICMR-NIRTH-S7/2020|2020-03-21,2,3822,5.232862375719519e-4,2020-03-21,2020-03-21,86,1
NOR/Bergen-03/2021|2021-02-11,7,3813,0.0018358248098610018,2021-02-11,2021-02-11,413,0.9976452119309263
BRA/hCoV-19-Brazil-RS-rBB-COV-122/2020|2020-10-17,2,3822,5.232862375719519e-4,2020-10-17,2020-10-17,296,1
OZ286438|2021-08-26,10,3816,0.002620545073375262,2021-08-26,2021-08-26,609,0.9984301412872841
ETH/S13/2021|2021-02-01,3,3822,7.849293563579278e-4,2021-02-01,2021-02-01,403,1
MEX/YUC-5_2475/2021|2021-09-21,11,3816,0.002882599580712788,2021-09-21,2021-09-21,635,0.9984301412872841
RUS/Primorye_8457/2021|2021-11-11,8,3816,0.0020964360587002098,2021-11-11,2021-11-11,686,0.9984301412872841
TZA/KIDH-02B10/2021|2021-04-10,8,3813,0.002098085496984002,2021-04-10,2021-04-10,471,0.9976452119309263
IND/HI-CV-35317/2021|2021-05-06,8,3816,0.0020964360587002098,2021-05-06,2021-05-06,497,0.9984301412872841
PHL/COVID53656/2021|2021-03-22,9,3813,0.0023603461841070024,2021-03-22,2021-03-22,452,0.9976452119309263
CHN/SH-P192-4-Asia-Philippines/2020|2020-08-16,2,3822,5.232862375719519e-4,2020-08-16,2020-08-16,234,1
MWI/MLW00945/2021|2021-07-29,9,3816,0.0023584905660377358,2021-07-29,2021-07-29,581,0.9984301412872841
MEX/SEARCH-2553-TIJ/2020|2020-07-02,1,3822,2.6164311878597594e-4,2020-07-02,2020-07-02,189,1
IDN/10761001011/2020|2020-12-22,4,3822,0.0010465724751439038,2020-12-22,2020-12-22,362,1
IND/AIIMS-Bhopal-Sample10/2021|2021-02-03,7,3822,0.0018315018315018315,2021-02-03,2021-02-03,405,1
LAO/LOMWRU-0442/2021|2021-12-28,10,3816,0.002620545073375262,2021-12-28,2021-12-28,733,0.9984301412872841
IND/GBRC500a/2020|2020-12-09,3,3822,7.849293563579278e-4,2020-12-09,2020-12-09,349,1
IRN/3279/2020|2020-12-05,4,3822,0.0010465724751439038,2020-12-05,2020-12-05,345,1
THA/CONI-0286/2020|2020-11-09,2,3639,5.496015388843089e-4,2020-11-09,2020-11-09,319,0.9521193092621664
OV101535|2021-07-30,8,3816,0.0020964360587002098,2021-07-30,2021-07-30,582,0.9984301412872841
UZB/hCoV-19-Uzb-CGB-25/2020|2020-12-07,4,3656,0.0010940919037199124,2020-12-07,2020-12-07,347,0.956567242281528
RUS/8586/2021|2021-12-06,9,3816,0.0023584905660377358,2021-12-06,2021-12-06,711,0.9984301412872841
Wales/PHWC-32C10/2020|2020-04-15,1,3822,2.6164311878597594e-4,2020-04-15,2020-04-15,111,1
ROU/412085/2021|2021-04-26,7,3677,0.0019037258634756595,2021-04-26,2021-04-26,487,0.9620617477760335
PHL/PH-DDOPH-12-3/2021|2021-05-26,8,3483,0.0022968705139247776,2021-05-26,2021-05-26,517,0.9113029827315542
Lebanon/QIB-883/2021|2021-04-28,7,3546,0.0019740552735476595,2021-04-28,2021-04-28,489,0.9277864992150706
Japan/SZ-NIG-3-C13089/2021|2021-11-11,8,3816,0.0020964360587002098,2021-11-11,2021-11-11,686,0.9984301412872841
MDA/ICGEB_818767_S16/2021|2021-05-11,7,3397,0.0020606417427141595,2021-05-11,2021-05-11,502,0.8888016745159603
OV089965|2020-08-11,2,3692,5.417118093174431e-4,2020-08-11,2020-08-11,229,0.9659863945578231
Homosampiens/CHN/0601_12TY/2020|2020-06-01,0,3822,0,2020-06-01,2020-06-01,158,1
Pakistan/UHS2-Pak-387/2021|2021-07-21,7,3546,0.0019740552735476595,2021-07-21,2021-07-21,573,0.9277864992150706
EGY/CCHE57357_W4_A044/2021|2021-09-03,9,3822,0.002354788069073783,2021-09-03,2021-09-03,617,1
BRA/SP-NVBS11540GENOV828538782379/2021|2021-12-14,8,3816,0.0020964360587002098,2021-12-14,2021-12-14,719,0.9984301412872841
CHN/SH-P183-4-North-America-Canada/2020|2020-09-07,3,3822,7.849293563579278e-4,2020-09-07,2020-09-07,256,1
ZAF/NHLS-UCT-GS-3139/2020|2020-05-07,1,3822,2.6164311878597594e-4,2020-05-07,2020-05-07,133,1
NGA/CV2491/2021|2021-07-27,8,3816,0.0020964360587002098,2021-07-27,2021-07-27,579,0.9984301412872841
IND/GBRC1269/2021|2021-06-26,6,3816,0.0015723270440251573,2021-06-26,2021-06-26,548,0.9984301412872841
CHN/S204-2204-349731/2021|2021-09-02,6,3816,0.0015723270440251573,2021-09-02,2021-09-02,616,0.9984301412872841
PAK/JRCGR_SCV-99_QTA-03/2021|2021-02-01,3,3819,7.855459544383347e-4,2021-02-01,2021-02-01,403,0.9992150706436421
UGA/MUWRP-KIR210318S/2021|2021-07-26,8,3816,0.0020964360587002098,2021-07-26,2021-07-26,578,0.9984301412872841
ITA/AM-1969/2021|2021-10-07,7,2710,0.0025830258302583027,2021-10-07,2021-10-07,651,0.7090528519099948
CHN/S182-1867-328977/2021|2021-08-08,7,3816,0.0018343815513626835,2021-08-08,2021-08-08,591,0.9984301412872841
NGA/CV299/2020|2020-08-07,1,3822,2.6164311878597594e-4,2020-08-07,2020-08-07,225,1
NGA/CV50/2020|2020-04-23,1,3822,2.6164311878597594e-4,2020-04-23,2020-04-23,119,1
NGA/CV4800/2021|2021-11-09,7,3816,0.0018343815513626835,2021-11-09,2021-11-09,684,0.9984301412872841
BGD/B_210528_57.fasta/2021|2021-05-28,3,3807,7.880220646178094e-4,2021-05-28,2021-05-28,519,0.9960753532182104
CHN/SH-P198-4-Asia-Philippines/2020|2020-08-12,2,3822,5.232862375719519e-4,2020-08-12,2020-08-12,230,1
ZAF/NHLS-UCT-GS-0272/2020|2020-07-07,2,3822,5.232862375719519e-4,2020-07-07,2020-07-07,194,1
NGA/BCVL-23361/2021|2021-02-08,7,3811,0.0018367882445552348,2021-02-08,2021-02-08,410,0.9971219256933542
UZB/hCoV-19-Uzb-CGB-48/2021|2021-07-23,6,3816,0.0015723270440251573,2021-07-23,2021-07-23,575,0.9984301412872841
IDN/10752101032/2021|2021-09-16,7,3293,0.0021257212268448226,2021-09-16,2021-09-16,630,0.8615907901622187
MLI/MAL0143/2021|2021-07-30,8,3700,0.002162162162162162,2021-07-30,2021-07-30,582,0.968079539508111
CHN/S180-1862-329322/2021|2021-08-07,7,3816,0.0018343815513626835,2021-08-07,2021-08-07,590,0.9984301412872841
FIN/FIN40-H10-THL-202109869/2021|2021-03-19,9,3822,0.002354788069073783,2021-03-19,2021-03-19,449,1
CZE/JCUCB118-181/2020|2020-11-23,6,3816,0.0015723270440251573,2020-11-23,2020-11-23,333,0.9984301412872841
BGD/NGRI-R3-O15/2020|2020-08-12,2,3822,5.232862375719519e-4,2020-08-12,2020-08-12,230,1
IND/565MN908947.3/2021|2021-09-25,9,3822,0.002354788069073783,2021-09-25,2021-09-25,639,1
OZ061623|2021-04-26,12,3822,0.0031397174254317113,2021-04-26,2021-04-26,487,1
CHN/SH-P190-4-Asia-Philippines/2020|2020-08-02,1,3822,2.6164311878597594e-4,2020-08-02,2020-08-02,220,1
OZ066368|2021-10-28,9,3792,0.0023734177215189874,2021-10-28,2021-10-28,672,0.9921507064364207
AUT/SKV-175/2021|2021-05-11,7,3813,0.0018358248098610018,2021-05-11,2021-05-11,502,0.9976452119309263
IND/369MN908947.3/2021|2021-09-10,10,3822,0.0026164311878597592,2021-09-10,2021-09-10,624,1
GHA/AA-NYGC-M1004-UQQG271/2021|2021-05-18,8,3704,0.0021598272138228943,2021-05-18,2021-05-18,509,0.9691261119832548
IND/GBRC1278/2021|2021-07-12,8,3816,0.0020964360587002098,2021-07-12,2021-07-12,564,0.9984301412872841
CHN/SH-P74-A-3-Europe-Italy/2020|2020-03-13,3,3822,7.849293563579278e-4,2020-03-13,2020-03-13,78,1
BGD/Laila_178/2021|2021-07-11,7,3812,0.0018363064008394543,2021-07-11,2021-07-11,563,0.9973835688121402
PAK/UoB-I/2021|2021-11-29,7,3813,0.0018358248098610018,2021-11-29,2021-11-29,704,0.9976452119309263
CHN/WHUHnCoV004/2020|2020-01-22,0,3822,0,2020-01-22,2020-01-22,27,1
VNM/nCoV-19-01S/2020|2020-01-22,0,3822,0,2020-01-22,2020-01-22,27,1
TUR/ERAGEM-001/2020|2020-03-17,1,3822,2.6164311878597594e-4,2020-03-17,2020-03-17,82,1
TUR/Kafkas-SARSCoV2-005/2020|2020-07-15,2,3657,5.468963631391851e-4,2020-07-15,2020-07-15,202,0.956828885400314
IND/GBRC357a/2020|2020-06-25,2,3822,5.232862375719519e-4,2020-06-25,2020-06-25,182,1
IND/GBRC-388/2020|2020-07-11,2,3822,5.232862375719519e-4,2020-07-11,2020-07-11,198,1
ITA/Milan-ICCS-1-2/2020|2020-04-20,1,3822,2.6164311878597594e-4,2020-04-20,2020-04-20,116,1
ITA/Milan_ICCS_3/2020|2020-05-01,1,3822,2.6164311878597594e-4,2020-05-01,2020-05-01,127,1
Homosampiens/CHN/YB20200420_067/2020|2020-04-20,0,3822,0,2020-04-20,2020-04-20,116,1
CHN/S203-2080-343435/2021|2021-08-24,9,3816,0.0023584905660377358,2021-08-24,2021-08-24,607,0.9984301412872841
NGA/CV387/2020|2020-05-29,2,3768,5.307855626326964e-4,2020-05-29,2020-05-29,155,0.9858712715855573
IND/GBRC520b/2020|2020-11-24,3,3822,7.849293563579278e-4,2020-11-24,2020-11-24,334,1
UGA/MAKCHScov5/2020|2020-09-30,4,3820,0.0010471204188481676,2020-09-30,2020-09-30,279,0.9994767137624281
UGA/MAKCHScov9/2021|2021-01-13,4,3819,0.0010473946059177796,2021-01-13,2021-01-13,384,0.9992150706436421
Lesotho/UHB-MI-SEB-00851/2021|2021-08-18,6,3560,0.0016853932584269663,2021-08-18,2021-08-18,601,0.9314495028780743
BRA/4799/2020|2020-06-17,5,3794,0.0013178703215603585,2020-06-17,2020-06-17,174,0.9926739926739927
KEN/C53152/2020|2020-09-03,1,3822,2.6164311878597594e-4,2020-09-03,2020-09-03,252,1
MEX/YUC-NYGC-57466/2020|2020-10-15,3,3822,7.849293563579278e-4,2020-10-15,2020-10-15,294,1
IND/CWS_0040_51837726/2021|2021-05-30,7,3799,0.0018425901553040273,2021-05-30,2021-05-30,521,0.9939822082679226
WestBank/AAS68/2021|2021-04-09,14,3822,0.003663003663003663,2021-04-09,2021-04-09,470,1
IND/GBRC461/2021|2021-02-14,7,3822,0.0018315018315018315,2021-02-14,2021-02-14,416,1
IND/7/2021|2021-12-23,10,3822,0.0026164311878597592,2021-12-23,2021-12-23,728,1
CHN/SH-P18-A-2-Other-city-of-Hubei-Ezhou/2020|2020-02-10,1,3822,2.6164311878597594e-4,2020-02-10,2020-02-10,46,1
ETH/S9/2021|2021-01-23,7,3817,0.0018339009693476552,2021-01-23,2021-01-23,394,0.9986917844060701
NGA/CV303/2020|2020-08-17,3,3528,8.503401360544217e-4,2020-08-17,2020-08-17,235,0.9230769230769231
NGA/CV708/2021|2021-01-11,9,3813,0.0023603461841070024,2021-01-11,2021-01-11,382,0.9976452119309263
IDN/10761001022/2021|2021-01-12,3,3822,7.849293563579278e-4,2021-01-12,2021-01-12,383,1
USA/MT-UMGC-01644/2020|2020-09-30,2,3822,5.232862375719519e-4,2020-09-30,2020-09-30,279,1
NGA/CV350/2020|2020-05-23,2,3822,5.232862375719519e-4,2020-05-23,2020-05-23,149,1
IND/INSACOG-GBRC1489/2021|2021-07-23,9,3816,0.0023584905660377358,2021-07-23,2021-07-23,575,0.9984301412872841
COL/SEC-1679O/2021|2021-08-07,9,3324,0.002707581227436823,2021-08-07,2021-08-07,590,0.869701726844584
IND/hospital_2_154/2021|2021-04-13,7,3458,0.0020242914979757085,2021-04-13,2021-04-13,474,0.9047619047619048
NGA/CV1134/2021|2021-04-11,7,3813,0.0018358248098610018,2021-04-11,2021-04-11,472,0.9976452119309263
VNM/HCMC_637/2021|2021-11-21,8,3816,0.0020964360587002098,2021-11-21,2021-11-21,696,0.9984301412872841
BRA/RJ-NVBS9577GENOV821447370972/2021|2021-11-09,4,3705,0.0010796221322537112,2021-11-09,2021-11-09,684,0.9693877551020408
ROU/38/2021|2021-06-12,7,3813,0.0018358248098610018,2021-06-12,2021-06-12,534,0.9976452119309263
CHN/SH-P132-3-North-America-Canada/2020|2020-04-02,2,3822,5.232862375719519e-4,2020-04-02,2020-04-02,98,1
PAK/JRCGR_SCV-98_QTA-02/2021|2021-02-01,4,3822,0.0010465724751439038,2021-02-01,2021-02-01,403,1
BRA/3877/2020|2020-06-08,2,3702,5.402485143165856e-4,2020-06-08,2020-06-08,165,0.9686028257456829
MRT/388708/2021|2021-11-03,11,3746,0.0029364655632674853,2021-11-03,2021-11-03,678,0.9801151229722659
NGA/CV302/2020|2020-09-03,3,3822,7.849293563579278e-4,2020-09-03,2020-09-03,252,1
EGY/CCHE57357_W4_A066/2021|2021-08-30,7,3822,0.0018315018315018315,2021-08-30,2021-08-30,613,1
CHN/WHUHnCoV007/2020|2020-01-22,0,3822,0,2020-01-22,2020-01-22,27,1
AUS/VIC14/2020|2020-02-02,0,3584,0,2020-02-02,2020-02-02,38,0.9377289377289377
CZE/IAB_12/2020|2020-03-31,1,3822,2.6164311878597594e-4,2020-03-31,2020-03-31,96,1
IND/GBRC178a/2020|2020-06-03,1,3822,2.6164311878597594e-4,2020-06-03,2020-06-03,160,1
TUR/Kafkas-SARSCoV2-0018/2020|2020-07-15,1,3822,2.6164311878597594e-4,2020-07-15,2020-07-15,202,1
PHL/GS/2020|2020-04-03,1,3822,2.6164311878597594e-4,2020-04-03,2020-04-03,99,1
IND/GBRC361a/2020|2020-06-05,2,3822,5.232862375719519e-4,2020-06-05,2020-06-05,162,1
IND/GBRC-394a/2020|2020-07-06,2,3822,5.232862375719519e-4,2020-07-06,2020-07-06,193,1
PER/covper002/2020|2020-07-02,1,3822,2.6164311878597594e-4,2020-07-02,2020-07-02,189,1
ROU/BUCHAREST-IMT-1/2020|2020-07-20,2,3822,5.232862375719519e-4,2020-07-20,2020-07-20,207,1
THA/CONI-1159/2021|2021-08-06,8,3816,0.0020964360587002098,2021-08-06,2021-08-06,589,0.9984301412872841
TZA/KIDH-01B03/2021|2021-01-23,8,3595,0.0022253129346314327,2021-01-23,2021-01-23,394,0.9406070120355835
MNG/10011767/2021|2021-04-24,9,3813,0.0023603461841070024,2021-04-24,2021-04-24,485,0.9976452119309263
IND/BCGCOVID19038/2020|2020-07-24,1,3822,2.6164311878597594e-4,2020-07-24,2020-07-24,211,1
IDN/10752101016/2021|2021-04-15,2,3544,5.64334085778781e-4,2021-04-15,2021-04-15,476,0.9272632129774987
MEX/NLE-4_3479/2021|2021-10-04,7,3813,0.0018358248098610018,2021-10-04,2021-10-04,648,0.9976452119309263
RUS/RUSPrimorye_3293/2020|2020-09-29,2,3822,5.232862375719519e-4,2020-09-29,2020-09-29,278,1
IDN/10761001005/2020|2020-12-16,2,3821,5.234231876472127e-4,2020-12-16,2020-12-16,356,0.999738356881214
CHN/SH-P94-B-3-Europe-UK/2020|2020-04-10,1,3822,2.6164311878597594e-4,2020-04-10,2020-04-10,106,1
CHN/SH-P69-L-3-Shanghai/2020|2020-03-12,0,3822,0,2020-03-12,2020-03-12,77,1
NLD/120421-15__2019-nCoV/2021|2021-04-01,8,3813,0.002098085496984002,2021-04-01,2021-04-01,462,0.9976452119309263
KOR/KD-Cov-D3/2021|2021-11-30,8,3816,0.0020964360587002098,2021-11-30,2021-11-30,705,0.9984301412872841
IND/GBRC588/2021|2021-02-02,8,3813,0.002098085496984002,2021-02-02,2021-02-02,404,0.9976452119309263
IND/GBRC704a/2021|2021-04-02,10,3822,0.0026164311878597592,2021-04-02,2021-04-02,463,1
MMR/Yangon-dsmrc-033/2021|2021-08-25,8,3592,0.0022271714922048997,2021-08-25,2021-08-25,608,0.9398220826792255
PAK/JRCGR_SCV-91_MARDAN-02/2021|2021-03-05,7,3813,0.0018358248098610018,2021-03-05,2021-03-05,435,0.9976452119309263
NZL/20VR2723/2020|2020-04-13,1,3822,2.6164311878597594e-4,2020-04-13,2020-04-13,109,1
IND/THSTI-BAL-360/2020|2020-04-13,3,3820,7.853403141361257e-4,2020-04-13,2020-04-13,109,0.9994767137624281
BGD/BSMMU-5/2020|2020-11-10,2,3822,5.232862375719519e-4,2020-11-10,2020-11-10,320,1
VEN/Bol4717/2021|2021-01-21,13,3822,0.003401360544217687,2021-01-21,2021-01-21,392,1
SOM/NAMRU3_Mog_46/2021|2021-02-28,8,3813,0.002098085496984002,2021-02-28,2021-02-28,430,0.9976452119309263
HUN/CMC1/2020|2020-05-11,4,3822,0.0010465724751439038,2020-05-11,2020-05-11,137,1
CAN/Kappa_NML_P4/2021|2021-07-30,10,3822,0.0026164311878597592,2021-07-30,2021-07-30,582,1
IRQ/Samawa-15/2020|2020-12-29,7,3813,0.0018358248098610018,2020-12-29,2020-12-29,369,0.9976452119309263
BGD/NGRI-R4-OR20/2020|2020-10-29,1,3822,2.6164311878597594e-4,2020-10-29,2020-10-29,308,1
BRA/025/2020|2020-09-03,2,3822,5.232862375719519e-4,2020-09-03,2020-09-03,252,1
MWI/MLW001188/2021|2021-06-21,8,3741,0.0021384656508954825,2021-06-21,2021-06-21,543,0.978806907378336
MWI/MLW001010/2021|2021-08-02,8,3816,0.0020964360587002098,2021-08-02,2021-08-02,585,0.9984301412872841
MYS/IIUM_54_ARTIC_medaka_1-29896/2021|2021-07-01,6,3248,0.0018472906403940886,2021-07-01,2021-07-01,553,0.8498168498168498
KOR/KD-Cov-N4/2020|2020-08-08,1,3822,2.6164311878597594e-4,2020-08-08,2020-08-08,226,1
USA/NM-CDC-ASC210716126/2021|2021-11-28,7,3816,0.0018343815513626835,2021-11-28,2021-11-28,703,0.9984301412872841
BRA/ViroUNIFESP-V609-A/2021|2021-06-01,12,3630,0.003305785123966942,2021-06-01,2021-06-01,523,0.9497645211930926
IND/THSTI_UK_18022021_CSIR-IGIB/2021|2021-02-18,8,3814,0.002097535395909806,2021-02-18,2021-02-18,420,0.9979068550497122
MEX/AGU-308408/2020|2020-11-14,1,3658,2.733734281027884e-4,2020-11-14,2020-11-14,324,0.9570905285190999
VNM/OUCRU-NHTD388/2021|2021-04-24,8,3816,0.0020964360587002098,2021-04-24,2021-04-24,485,0.9984301412872841
IND/RGCB-LMMD-10/2021|2021-02-11,9,3609,0.0024937655860349127,2021-02-11,2021-02-11,413,0.9442700156985872
VNM/HCMC_Alpha_11/2021|2021-05-21,9,3813,0.0023603461841070024,2021-05-21,2021-05-21,512,0.9976452119309263
UGA/MUWRP-KIR210135S/2021|2021-06-01,7,3816,0.0018343815513626835,2021-06-01,2021-06-01,523,0.9984301412872841
IND/567MN908947.3/2021|2021-09-25,7,3822,0.0018315018315018315,2021-09-25,2021-09-25,639,1
PAK/JRCGR-KHI17/2020|2020-07-02,3,3822,7.849293563579278e-4,2020-07-02,2020-07-02,189,1
SRB/SA00002-05-08/2020|2020-08-04,2,3822,5.232862375719519e-4,2020-08-04,2020-08-04,222,1
IND/412MN908947.3/2021|2021-09-10,7,3822,0.0018315018315018315,2021-09-10,2021-09-10,624,1
CHN/SH-P141-B-3-Europe-UK/2020|2020-04-03,1,3822,2.6164311878597594e-4,2020-04-03,2020-04-03,99,1
IND/INSACOG-GBRC1487/2021|2021-07-24,8,3816,0.0020964360587002098,2021-07-24,2021-07-24,576,0.9984301412872841
JPN/HiroHC181c/2020|2020-07-30,2,3822,5.232862375719519e-4,2020-07-30,2020-07-30,217,1
MWI/MLW00942/2021|2021-07-19,9,3816,0.0023584905660377358,2021-07-19,2021-07-19,571,0.9984301412872841
IND/GBRC1291/2021|2021-07-14,8,3816,0.0020964360587002098,2021-07-14,2021-07-14,566,0.9984301412872841
RUS/RU-Sar-2789/2021|2021-08-27,6,3816,0.0015723270440251573,2021-08-27,2021-08-27,610,0.9984301412872841
USA/GA-CDC-STM-000046859/2021|2021-03-30,9,3813,0.0023603461841070024,2021-03-30,2021-03-30,460,0.9976452119309263
IND/GBRC834/2021|2021-05-04,7,3816,0.0018343815513626835,2021-05-04,2021-05-04,495,0.9984301412872841
CHN/SH-P191-4-Asia-Philippines/2020|2020-08-08,2,3822,5.232862375719519e-4,2020-08-08,2020-08-08,226,1
IND/barcode_14_MN908947.3/2021|2021-09-10,8,3822,0.0020931449502878076,2021-09-10,2021-09-10,624,1
USA/IL-CDC-02983522-001/2020|2020-01-21,0,3821,0,2020-01-21,2020-01-21,26,0.999738356881214
IRN/HGRC-1.1-IPI-8206/2020|2020-03-09,0,3822,0,2020-03-09,2020-03-09,74,1
CHN/HN07/2020|2020-04-02,1,3822,2.6164311878597594e-4,2020-04-02,2020-04-02,98,1
KAZ/NCB-3/2020|2020-03-20,1,3822,2.6164311878597594e-4,2020-03-20,2020-03-20,85,1
GRC/53_38017/2020|2020-04-04,0,3822,0,2020-04-04,2020-04-04,100,1
MAR/RMPS04/2020|2020-03-30,2,3822,5.232862375719519e-4,2020-03-30,2020-03-30,95,1
IND/GBRC-396/2020|2020-07-06,2,3822,5.232862375719519e-4,2020-07-06,2020-07-06,193,1
IND/nimh-14834/2020|2020-05-08,3,3822,7.849293563579278e-4,2020-05-08,2020-05-08,134,1
IND/nimh-11194/2020|2020-05-04,1,3331,3.002101471029721e-4,2020-05-04,2020-05-04,130,0.8715332286760858
OL549280|2019-12-31,0,3822,0,2019-12-31,2019-12-31,5,1
NGA/CV2735/2021|2021-07-29,8,3815,0.0020969855832241153,2021-07-29,2021-07-29,581,0.9981684981684982
IND/ICMR-NIRTH-S4/2020|2020-03-20,2,3676,5.44069640914037e-4,2020-03-20,2020-03-20,85,0.9618001046572475
BRA/45016/2020|2020-11-11,4,3354,0.0011926058437686344,2020-11-11,2020-11-11,321,0.8775510204081632
BGD/BD_IVPP_035/2021|2021-12-26,8,3269,0.002447231569287244,2021-12-26,2021-12-26,731,0.8553113553113553
Peru/UW20112421216/2020|2020-11-24,2,3822,5.232862375719519e-4,2020-11-24,2020-11-24,334,1
OV091531|2020-07-29,2,3822,5.232862375719519e-4,2020-07-29,2020-07-29,216,1
FRA/IHUCOVID-005393-N1/2021|2021-04-26,10,3813,0.0026226068712300026,2021-04-26,2021-04-26,487,0.9976452119309263
MMR/Taungoo-dsmrc-035/2021|2021-07-05,7,3816,0.0018343815513626835,2021-07-05,2021-07-05,557,0.9984301412872841
BGD/BSMMU-8/2020|2020-11-10,1,3822,2.6164311878597594e-4,2020-11-10,2020-11-10,320,1
TGO/nmimr-TG-SARS-CoV-2-TGS-040-21/2021|2021-01-12,7,3813,0.0018358248098610018,2021-01-12,2021-01-12,383,0.9976452119309263
UGA/MAKCHScov19/2020|2020-10-22,1,3822,2.6164311878597594e-4,2020-10-22,2020-10-22,301,1
IND/GBRC543b/2021|2021-01-01,3,3822,7.849293563579278e-4,2021-01-01,2021-01-01,372,1
IRN/3533/2020|2020-10-10,6,3822,0.0015698587127158557,2020-10-10,2020-10-10,289,1
ETH/S11/2021|2021-01-28,8,3822,0.0020931449502878076,2021-01-28,2021-01-28,399,1
GTM/UGA-1057134/2021|2021-07-06,5,3813,0.0013113034356150013,2021-07-06,2021-07-06,558,0.9976452119309263
OV101569|2021-08-11,9,3816,0.0023584905660377358,2021-08-11,2021-08-11,594,0.9984301412872841
IND/HI-CV-35311/2021|2021-05-06,8,3816,0.0020964360587002098,2021-05-06,2021-05-06,497,0.9984301412872841
VNM/HCMC_172/2021|2021-08-03,8,3786,0.0021130480718436345,2021-08-03,2021-08-03,586,0.9905808477237049
CHN/SH-P193-4-Asia-UAE/2020|2020-08-11,3,3822,7.849293563579278e-4,2020-08-11,2020-08-11,229,1
PHL/210430-1/2021|2021-04-26,11,3813,0.002884867558353003,2021-04-26,2021-04-26,487,0.9976452119309263
CMR/DO308144/2020|2020-11-19,2,3822,5.232862375719519e-4,2020-11-19,2020-11-19,329,1
JOR/SEARCH-5292-JOR/2020|2020-11-04,2,3822,5.232862375719519e-4,2020-11-04,2020-11-04,314,1
CHN/SH-P181-4-Africa-South-Sudan/2020|2020-06-25,4,3822,0.0010465724751439038,2020-06-25,2020-06-25,182,1
ZAF/NHLS-UCT-GP-5226/2020|2020-04-29,2,3625,5.517241379310345e-4,2020-04-29,2020-04-29,125,0.9484563055991627
NGA/CV1314/2021|2021-03-11,8,3813,0.002098085496984002,2021-03-11,2021-03-11,441,0.9976452119309263
NGA/CV4741/2021|2021-10-27,10,3816,0.002620545073375262,2021-10-27,2021-10-27,671,0.9984301412872841
ITA/AM-1988/2021|2021-11-18,10,3816,0.002620545073375262,2021-11-18,2021-11-18,693,0.9984301412872841
NLD/EMC-Lambda-1/2021|2021-07-08,7,3801,0.001841620626151013,2021-07-08,2021-07-08,560,0.9945054945054945
Homosampiens/CHN/6173/2020|2020-03-31,0,3822,0,2020-03-31,2020-03-31,96,1
EGY/Egypt-Army-Thirdwave-314/2021|2021-04-25,5,3822,0.0013082155939298796,2021-04-25,2021-04-25,486,1
CHN/Delta-1/2021|2021-08-10,9,3816,0.0023584905660377358,2021-08-10,2021-08-10,593,0.9984301412872841
MEX/YUC-NYGC-59996-20/2020|2020-11-17,2,3822,5.232862375719519e-4,2020-11-17,2020-11-17,327,1
ETH/S8/2021|2021-02-04,8,3818,0.0020953378732320588,2021-02-04,2021-02-04,406,0.998953427524856
IND/KA-NIMH-SEQ-55/2020|2020-12-30,2,3644,5.488474204171241e-4,2020-12-30,2020-12-30,370,0.9534275248560963
CHN/Qingdao_20425/2020|2020-10-11,3,3822,7.849293563579278e-4,2020-10-11,2020-10-11,290,1
IDN/10752101028/2021|2021-09-09,6,2843,0.002110446711220542,2021-09-09,2021-09-09,623,0.7438513867085296
IND/AIIMS-Bhopal-Sample23/2021|2021-02-17,9,3822,0.002354788069073783,2021-02-17,2021-02-17,419,1
CAN/COVID-19-Seul_P5/2020|2020-11-23,1,3822,2.6164311878597594e-4,2020-11-23,2020-11-23,333,1
MEX/NLE-1_2336/2021|2021-07-15,9,3816,0.0023584905660377358,2021-07-15,2021-07-15,567,0.9984301412872841
IND/INSACOG-GBRC1604/2021|2021-08-21,7,3783,0.0018503832936822627,2021-08-21,2021-08-21,604,0.9897959183673469
IND/GBRC516b/2020|2020-11-24,2,3822,5.232862375719519e-4,2020-11-24,2020-11-24,334,1
NLD/2209092__2019-nCoV/2021|2021-06-02,8,3813,0.002098085496984002,2021-06-02,2021-06-02,524,0.9976452119309263
PAK/JRCGR_KHI_SCV-142/2021|2021-08-20,7,3816,0.0018343815513626835,2021-08-20,2021-08-20,603,0.9984301412872841
CMR/ECO131/2020|2020-12-03,3,3822,7.849293563579278e-4,2020-12-03,2020-12-03,343,1
Iraq/KR-SEARCH-118909/2021|2021-07-19,9,3790,0.00237467018469657,2021-07-19,2021-07-19,571,0.9916274201988488
JOR/SEARCH-5829-JOR/2020|2020-12-25,8,3813,0.002098085496984002,2020-12-25,2020-12-25,365,0.9976452119309263
AUT/SKV-270/2021|2021-10-26,7,3542,0.001976284584980237,2021-10-26,2021-10-26,670,0.9267399267399268
CHN/6544/2021|2021-06-10,8,3816,0.0020964360587002098,2021-06-10,2021-06-10,532,0.9984301412872841
CHN/CS-Fang/2021|2021-08-12,8,3816,0.0020964360587002098,2021-08-12,2021-08-12,595,0.9984301412872841
MEX/YUC-NYGC-14556-21-2/2021|2021-03-20,4,3822,0.0010465724751439038,2021-03-20,2021-03-20,450,1
CHN/CS-Liu/2021|2021-08-01,8,3816,0.0020964360587002098,2021-08-01,2021-08-01,584,0.9984301412872841
BGD/Laila_281/2021|2021-07-22,10,3409,0.002933411557641537,2021-07-22,2021-07-22,574,0.891941391941392
PAK/238941/2021|2021-10-01,9,3727,0.0024148108398175474,2021-10-01,2021-10-01,645,0.9751439037153323
NGA/CV-1/2020|2020-02-27,1,3620,2.7624309392265195e-4,2020-02-27,2020-02-27,63,0.9471480900052328
CHN/S152-1424-258056/2021|2021-05-05,7,3813,0.0018358248098610018,2021-05-05,2021-05-05,496,0.9976452119309263
IND/GBRC659b/2021|2021-04-13,1,3822,2.6164311878597594e-4,2021-04-13,2021-04-13,474,1
CHN/S164-1618-298734/2021|2021-06-21,6,3816,0.0015723270440251573,2021-06-21,2021-06-21,543,0.9984301412872841
IND/CWS_0049_54686884/2021|2021-06-08,7,3821,0.0018319811567652448,2021-06-08,2021-06-08,530,0.999738356881214
IND/CWS_0064_55744582/2021|2021-06-12,7,3808,0.001838235294117647,2021-06-12,2021-06-12,534,0.99633699633699635
NGA/CV11-1/2020|2020-03-29,1,3822,2.6164311878597594e-4,2020-03-29,2020-03-29,94,1
ESP/MD-HGUGM-5738214/2021|2021-09-20,5,3140,0.0015923566878980893,2021-09-20,2021-09-20,634,0.8215593929879644
Wuhan/IPBCAMS-WH-01/2019|2019-12-23,0,3822,0,2019-12-23,2019-12-23,-3,1
Wuhan/IPBCAMS-WH-02/2019|2019-12-30,0,3822,0,2019-12-30,2019-12-30,4,1
IND/nimh-0351/2020|2020-04-10,1,3822,2.6164311878597594e-4,2020-04-10,2020-04-10,106,1
THA/SI200615-NT/2020|2020-01-29,1,3822,2.6164311878597594e-4,2020-01-29,2020-01-29,34,1
IND/GBRC29/2020|2020-04-30,1,3822,2.6164311878597594e-4,2020-04-30,2020-04-30,126,1
IND/GBRC181a/2020|2020-06-03,3,3822,7.849293563579278e-4,2020-06-03,2020-06-03,160,1
EGY/CUNCI-HGC4I022/2020|2020-06-02,1,3822,2.6164311878597594e-4,2020-06-02,2020-06-02,159,1
Guatemala/UN-CDC-3536651-001/2020|2020-03-13,1,3822,2.6164311878597594e-4,2020-03-13,2020-03-13,78,1
PHL/COVID-3304/2020|2020-06-25,2,3822,5.232862375719519e-4,2020-06-25,2020-06-25,182,1
PHL/COVID-5976/2020|2020-07-18,2,3822,5.232862375719519e-4,2020-07-18,2020-07-18,205,1
PHL/COVID-5984/2020|2020-07-18,1,3822,2.6164311878597594e-4,2020-07-18,2020-07-18,205,1
PER/covper087/2020|2020-03-21,0,3822,0,2020-03-21,2020-03-21,86,1
POL/IHG_PAS_8_29/2020|2020-09-05,2,3822,5.232862375719519e-4,2020-09-05,2020-09-05,254,1
TUR/KOC-IST-SP3/2020|2020-05-18,2,3822,5.232862375719519e-4,2020-05-18,2020-05-18,144,1
RUS/3573/2020|2020-05-02,1,3822,2.6164311878597594e-4,2020-05-02,2020-05-02,128,1
TWN/CGMH-CGU-37/2020|2020-10-27,5,3822,0.0013082155939298796,2020-10-27,2020-10-27,306,1
RUS/RUSPrimorye_3291/2020|2020-09-29,2,3822,5.232862375719519e-4,2020-09-29,2020-09-29,278,1
IDN/10752101002/2021|2021-02-07,2,2913,6.865774116031583e-4,2021-02-07,2021-02-07,409,0.7621664050235479
ETH/S4/2021|2021-01-23,7,3816,0.0018343815513626835,2021-01-23,2021-01-23,394,0.9984301412872841
SouthAfrica/NHLS-UCT-GS-C037/2021|2021-06-02,9,3715,0.0024226110363391655,2021-06-02,2021-06-02,524,0.9720041862899006
NGA/CV3409/2021|2021-09-03,8,3816,0.0020964360587002098,2021-09-03,2021-09-03,617,0.9984301412872841
MEX/GRO-4_1773/2021|2021-06-28,9,3816,0.0023584905660377358,2021-06-28,2021-06-28,550,0.9984301412872841
CMR/Yaounde-21V-06436/2020|2020-10-26,3,3822,7.849293563579278e-4,2020-10-26,2020-10-26,305,1
IND/CWS_0048_54463391/2021|2021-06-08,6,3820,0.0015706806282722514,2021-06-08,2021-06-08,530,0.9994767137624281
ARM/IMB1-1/2021|2021-01-19,4,3822,0.0010465724751439038,2021-01-19,2021-01-19,390,1
CHN/Qingdao_306/2020|2020-10-10,3,3822,7.849293563579278e-4,2020-10-10,2020-10-10,289,1
CHN/SH-P09-2-Wuhan/2020|2020-02-11,0,3822,0,2020-02-11,2020-02-11,47,1
IDN/10761001086/2021|2021-05-06,7,3226,0.0021698698078115313,2021-05-06,2021-05-06,497,0.8440607012035584
JPN/JP_HiroHC031c/2020|2020-04-14,1,3822,2.6164311878597594e-4,2020-04-14,2020-04-14,110,1
CMR/Yaounde-20V-59285/2020|2020-06-10,3,3822,7.849293563579278e-4,2020-06-10,2020-06-10,167,1
USA/TX-CDC-QDX26157066/2021|2021-06-22,8,3816,0.0020964360587002098,2021-06-22,2021-06-22,544,0.9984301412872841
CHN/5986/2021|2021-05-30,5,3006,0.00166333998669328,2021-05-30,2021-05-30,521,0.7864992150706437
Iraq/KR-SEARCH-120026/2021|2021-10-23,10,3791,0.002637826431020839,2021-10-23,2021-10-23,667,0.9918890633176347
Homosampiens/CHN/0411_4/2020|2020-04-11,0,3822,0,2020-04-11,2020-04-11,107,1
BRA/PR-HF336/2021|2021-04-09,9,3813,0.0023603461841070024,2021-04-09,2021-04-09,470,0.9976452119309263
MLI/MAL0138/2021|2021-05-05,8,3813,0.002098085496984002,2021-05-05,2021-05-05,496,0.9976452119309263
PAK/276252/2021|2021-12-20,9,3812,0.00236096537250787,2021-12-20,2021-12-20,725,0.9973835688121402
BGD/Laila_438/2021|2021-08-07,6,3803,0.0015777018143570865,2021-08-07,2021-08-07,590,0.9950287807430664
GTM/UGA-31016699/2021|2021-05-04,4,3813,0.001049042748492001,2021-05-04,2021-05-04,495,0.9976452119309263
UGA/MAKCHScov7/2021|2021-02-19,1,3816,2.620545073375262e-4,2021-02-19,2021-02-19,421,0.9984301412872841
BGD/Laila_529/2021|2021-10-06,6,3588,0.0016722408026755853,2021-10-06,2021-10-06,650,0.9387755102040817
CHN/LA-5048/2021|2021-05-13,1,3822,2.6164311878597594e-4,2021-05-13,2021-05-13,504,1
FRA/IHUCOVID-054727-Nova1M/2021|2021-12-20,8,3816,0.0020964360587002098,2021-12-20,2021-12-20,725,0.9984301412872841
KEN/C111710/2021|2021-11-12,7,3613,0.0019374481040686411,2021-11-12,2021-11-12,687,0.945316588173731
CHN/LA-5003/2021|2021-05-12,1,3822,2.6164311878597594e-4,2021-05-12,2021-05-12,503,1
UGA/MUWRP-KIR210118S/2021|2021-05-25,8,3816,0.0020964360587002098,2021-05-25,2021-05-25,516,0.9984301412872841
BRA/SP-NXBS1521GENOV701221472118/2021|2021-06-08,13,3822,0.003401360544217687,2021-06-08,2021-06-08,530,1
SRB/ZJZKV0002-29-06/2021|2021-06-29,8,3816,0.0020964360587002098,2021-06-29,2021-06-29,551,0.9984301412872841
PAK/JRCGR_SCV-90_MARDAN-01/2021|2021-03-06,3,3822,7.849293563579278e-4,2021-03-06,2021-03-06,436,1
CHN/Qingdao_20431/2020|2020-10-11,3,3822,7.849293563579278e-4,2020-10-11,2020-10-11,290,1
IDN/10761001015/2020|2020-12-31,1,3822,2.6164311878597594e-4,2020-12-31,2020-12-31,371,1
IDN/10761001068/2021|2021-04-08,4,3627,0.0011028398125172319,2021-04-08,2021-04-08,469,0.9489795918367347
CHN/SH-P115-3-Asia-Malaysia/2020|2020-03-28,3,3822,7.849293563579278e-4,2020-03-28,2020-03-28,93,1
CHN/SH-P87-A-3-North-America-USA/2020|2020-03-22,1,3822,2.6164311878597594e-4,2020-03-22,2020-03-22,87,1
CHN/SH-P117-A-3-North-America-USA/2020|2020-03-29,1,3822,2.6164311878597594e-4,2020-03-29,2020-03-29,94,1
ZAF/NHLS-UCT-GS-A817/2021|2021-02-04,5,3395,0.0014727540500736377,2021-02-04,2021-02-04,406,0.8882783882783882
IND/INSACOG-GBRC1596/2021|2021-06-10,11,3822,0.0028780743066457353,2021-06-10,2021-06-10,532,1
England/QEUH-B68B82/2020|2020-11-11,2,3822,5.232862375719519e-4,2020-11-11,2020-11-11,321,1
NGA/CV1259/2021|2021-03-15,8,3813,0.002098085496984002,2021-03-15,2021-03-15,445,0.9976452119309263
NGA/CV643/2020|2020-12-29,5,3822,0.0013082155939298796,2020-12-29,2020-12-29,369,1
MMR/DSMRC041/2021|2021-11-08,8,3816,0.0020964360587002098,2021-11-08,2021-11-08,683,0.9984301412872841
IND/THSTI-BAL-918/2020|2020-04-16,1,3820,2.617801047120419e-4,2020-04-16,2020-04-16,112,0.9994767137624281
SUR/Zeta-EMC-1/2020|2020-12-16,3,3822,7.849293563579278e-4,2020-12-16,2020-12-16,356,1
Colombia/CO-DC-UW21112981790/2021|2021-11-29,7,3816,0.0018343815513626835,2021-11-29,2021-11-29,704,0.9984301412872841
EGY/CCHE57357_Wave_3_A002/2021|2021-05-01,8,3822,0.0020931449502878076,2021-05-01,2021-05-01,492,1
IRN/2019-nCoV_MN908947/2021|2021-05-15,3,3822,7.849293563579278e-4,2021-05-15,2021-05-15,506,1
OZ286434|2021-10-11,13,3822,0.003401360544217687,2021-10-11,2021-10-11,655,1
FRA/IHUCOVID-000006/2020|2020-02-29,1,3822,2.6164311878597594e-4,2020-02-29,2020-02-29,65,1
PER/un-CDC-3959175-001/2020|2020-08-21,2,3822,5.232862375719519e-4,2020-08-21,2020-08-21,239,1
Pakistan/UHS-PAK-S8/2021|2021-04-08,7,3813,0.0018358248098610018,2021-04-08,2021-04-08,469,0.9976452119309263
OU026740|2021-02-15,7,3813,0.0018358248098610018,2021-02-15,2021-02-15,417,0.9976452119309263
OU076981|2020-08-26,2,3822,5.232862375719519e-4,2020-08-26,2020-08-26,244,1
IDN/RSDS-RCVTD-UNAIR-6-B/2020|2020-05-19,1,3602,2.77623542476402e-4,2020-05-19,2020-05-19,145,0.9424385138670853
TWN/CGMH-CGU-97/2021|2021-11-09,8,3816,0.0020964360587002098,2021-11-09,2021-11-09,684,0.9984301412872841
USA/TG959964/2020|2020-08-28,3,3822,7.849293563579278e-4,2020-08-28,2020-08-28,246,1
MMR/Mandalay-dsmrc-023/2021|2021-06-25,7,3816,0.0018343815513626835,2021-06-25,2021-06-25,547,0.9984301412872841
FRA/21072150482/2021|2021-07-08,8,3816,0.0020964360587002098,2021-07-08,2021-07-08,560,0.9984301412872841
MEX/YUC-NYGC-16539-21/2021|2021-04-07,5,3822,0.0013082155939298796,2021-04-07,2021-04-07,468,1
CHN/SH-P197-4-Europe-UK/2020|2020-08-24,1,3822,2.6164311878597594e-4,2020-08-24,2020-08-24,242,1
PHL/COVID53359/2021|2021-03-20,8,3811,0.0020991865652059826,2021-03-20,2021-03-20,450,0.9971219256933542
CHN/S217-2945-397543/2021|2021-10-28,11,3816,0.002882599580712788,2021-10-28,2021-10-28,672,0.9984301412872841
USA/SEARCH-18314/2021|2021-04-08,12,3819,0.003142183817753339,2021-04-08,2021-04-08,469,0.9992150706436421
MEX/CHP-308309/2020|2020-06-01,4,3822,0.0010465724751439038,2020-06-01,2020-06-01,158,1
CAN/HCW33/2020|2020-10-30,4,3602,0.001110494169905608,2020-10-30,2020-10-30,309,0.9424385138670853
IND/GBRC584a/2021|2021-02-02,8,3813,0.002098085496984002,2021-02-02,2021-02-02,404,0.9976452119309263
IND/GBRC591b/2021|2021-02-16,8,3813,0.002098085496984002,2021-02-16,2021-02-16,418,0.9976452119309263
IND/Barcode07MN908947.3/2021|2021-09-10,8,3822,0.0020931449502878076,2021-09-10,2021-09-10,624,1
IDN/10761001084/2021|2021-05-06,7,3627,0.0019299696719051558,2021-05-06,2021-05-06,497,0.9489795918367347
IND/hospital_3_261/2021|2021-04-29,7,3358,0.002084574151280524,2021-04-29,2021-04-29,490,0.8785975928833072
IND/CWS_0073_58392604/2021|2021-06-22,7,3819,0.001832940560356114,2021-06-22,2021-06-22,544,0.9992150706436421
IND/INSACOG-GBRC859/2021|2021-05-16,5,3555,0.0014064697609001407,2021-05-16,2021-05-16,507,0.9301412872841445
MYS/M_N33549/2020|2020-12-18,2,3772,5.302226935312832e-4,2020-12-18,2020-12-18,358,0.9869178440607012
TUR/Tur-P1/2020|2020-06-10,1,3822,2.6164311878597594e-4,2020-06-10,2020-06-10,167,1
VEN/Mir761/2021|2021-04-08,12,3822,0.0031397174254317113,2021-04-08,2021-04-08,469,1
IND/GBRC629a/2021|2021-03-31,7,3816,0.0018343815513626835,2021-03-31,2021-03-31,461,0.9984301412872841
IND/THSTI_2071/2020|2020-04-30,2,3806,5.254860746190226e-4,2020-04-30,2020-04-30,126,0.9958137100994244
NGA/CV301/2020|2020-09-01,2,3822,5.232862375719519e-4,2020-09-01,2020-09-01,250,1
OD916287|2020-10-20,4,3820,0.0010471204188481676,2020-10-20,2020-10-20,299,0.9994767137624281
RUS/6965/2021|2021-06-30,7,3816,0.0018343815513626835,2021-06-30,2021-06-30,552,0.9984301412872841
IDN/10752101004/2021|2021-02-22,4,3627,0.0011028398125172319,2021-02-22,2021-02-22,424,0.9489795918367347
IDN/10752101029/2021|2021-09-09,9,3244,0.0027743526510480886,2021-09-09,2021-09-09,623,0.848770277341706
IND/INSACOG-GBRC1398/2021|2021-03-24,5,3563,0.0014033118158854898,2021-03-24,2021-03-24,454,0.9322344322344323
CHN/SH-P116-C-3-North-America-USA/2020|2020-04-01,1,3822,2.6164311878597594e-4,2020-04-01,2020-04-01,97,1
IND/GBRC629b/2021|2021-03-31,7,3816,0.0018343815513626835,2021-03-31,2021-03-31,461,0.9984301412872841
OZ061280|2021-02-02,14,3821,0.0036639623135304895,2021-02-02,2021-02-02,404,0.999738356881214
IDN/10761001055/2021|2021-03-17,4,3349,0.0011943863839952225,2021-03-17,2021-03-17,447,0.8762428048142333
IDN/10752101017/2021|2021-04-15,2,3544,5.64334085778781e-4,2021-04-15,2021-04-15,476,0.9272632129774987
CHN/Wuhan_IME-WH04/2019|2019-12-30,0,3822,0,2019-12-30,2019-12-30,4,1
IND/GMCKN443/2020|2020-03-16,1,3822,2.6164311878597594e-4,2020-03-16,2020-03-16,81,1
IND/OUMRK1090/2020|2020-03-25,1,3822,2.6164311878597594e-4,2020-03-25,2020-03-25,90,1
TWN/CGMH-CGU-24/2020|2020-03-20,1,3822,2.6164311878597594e-4,2020-03-20,2020-03-20,85,1
IND/GBRC63/2020|2020-05-03,2,3822,5.232862375719519e-4,2020-05-03,2020-05-03,129,1
TUR/IMU-SP-04/2020|2020-04-16,1,3822,2.6164311878597594e-4,2020-04-16,2020-04-16,112,1
IND/GBRC147/2020|2020-05-16,1,3822,2.6164311878597594e-4,2020-05-16,2020-05-16,142,1
USA/OR-S90/2020|2020-02-29,1,3822,2.6164311878597594e-4,2020-02-29,2020-02-29,65,1
SLE/KGH-G-8549/2020|2020-03-31,1,3822,2.6164311878597594e-4,2020-03-31,2020-03-31,96,1
IND/GBRC406b/2020|2020-06-25,3,3822,7.849293563579278e-4,2020-06-25,2020-06-25,182,1
RUS/953/2020|2020-04-08,1,3822,2.6164311878597594e-4,2020-04-08,2020-04-08,104,1
TWN/CGMH-CGU-31/2020|2020-07-31,1,3822,2.6164311878597594e-4,2020-07-31,2020-07-31,218,1
USA/TX-DSHS-1555/2020|2020-06-22,1,3822,2.6164311878597594e-4,2020-06-22,2020-06-22,179,1
OV024261|2020-04-21,1,3822,2.6164311878597594e-4,2020-04-21,2020-04-21,117,1
Japan/sb_ncgm_sars_cov_2_00404/2021|2021-08-23,11,3569,0.0030820958251611096,2021-08-23,2021-08-23,606,0.9338042909471481
BRA/ICO1041/2020|2020-04-17,1,3822,2.6164311878597594e-4,2020-04-17,2020-04-17,113,1
NGA/BCVL-25699/2021|2021-04-19,8,3813,0.002098085496984002,2021-04-19,2021-04-19,480,0.9976452119309263
CHN/6003/2021|2021-05-23,8,3792,0.002109704641350211,2021-05-23,2021-05-23,514,0.9921507064364207
CHN/5931/2021|2021-05-29,8,3816,0.0020964360587002098,2021-05-29,2021-05-29,520,0.9984301412872841
NGA/CV628/2020|2020-11-25,3,3822,7.849293563579278e-4,2020-11-25,2020-11-25,335,1
NGA/CV306/2020|2020-10-09,4,3374,0.0011855364552459987,2020-10-09,2020-10-09,288,0.8827838827838828
THA/MTM_01_020/2021|2021-10-20,8,3816,0.0020964360587002098,2021-10-20,2021-10-20,664,0.9984301412872841
OU809093|2021-02-14,7,3812,0.0018363064008394543,2021-02-14,2021-02-14,416,0.9973835688121402
BGD/IEDCR-OIS-0087/2021|2021-05-10,9,3594,0.0025041736227045075,2021-05-10,2021-05-10,501,0.9403453689167975
BRA/SP-NVBS10044GENOV828351445406/2021|2021-11-05,6,3602,0.001665741254858412,2021-11-05,2021-11-05,680,0.9424385138670853
BGD/Laila_106/2021|2021-07-07,7,3816,0.0018343815513626835,2021-07-07,2021-07-07,559,0.9984301412872841
RUS/RUSPrimorye_7375/2021|2021-08-03,7,3816,0.0018343815513626835,2021-08-03,2021-08-03,586,0.9984301412872841
VNM/OUCRU-NHTD353/2021|2021-12-31,8,3816,0.0020964360587002098,2021-12-31,2021-12-31,736,0.9984301412872841
GHA/AA-NYGC-NTCoV-PC196-21-REUH870/2021|2021-07-09,8,3537,0.0022618037885213456,2021-07-09,2021-07-09,561,0.9254317111459969
MLI/UCRC31/2020|2020-03-31,1,3822,2.6164311878597594e-4,2020-03-31,2020-03-31,96,1
ARG/Cordoba-2858/2020|2020-09-14,2,3822,5.232862375719519e-4,2020-09-14,2020-09-14,263,1
PHL/PH-PGC-00315/2020|2020-12-29,7,3813,0.0018358248098610018,2020-12-29,2020-12-29,369,0.9976452119309263
EGY/PHARCO-ARMY91/2021|2021-03-01,1,3822,2.6164311878597594e-4,2021-03-01,2021-03-01,431,1
RUS/Primorye_8362/2021|2021-11-10,10,3816,0.002620545073375262,2021-11-10,2021-11-10,685,0.9984301412872841
BGD/BD_IVPP_174/2021|2021-04-17,7,3640,0.0019230769230769232,2021-04-17,2021-04-17,478,0.9523809523809523
OM267726|2021-07-16,6,3617,0.0016588332872546309,2021-07-16,2021-07-16,568,0.9463631606488749
VEN/Dtt24/2021|2021-04-18,12,3822,0.0031397174254317113,2021-04-18,2021-04-18,479,1
FRA/21062300434/2021|2021-06-25,8,3816,0.0020964360587002098,2021-06-25,2021-06-25,547,0.9984301412872841
IDN/10761001021/2021|2021-01-12,3,3822,7.849293563579278e-4,2021-01-12,2021-01-12,383,1
CHN/S145-1286-245712/2021|2021-04-10,5,3822,0.0013082155939298796,2021-04-10,2021-04-10,471,1
USA/NY-PRL-210506_00F06/2021|2021-05-04,8,3813,0.002098085496984002,2021-05-04,2021-05-04,495,0.9976452119309263
IND/INSACOG-GBRC1476/2021|2021-07-09,9,3816,0.0023584905660377358,2021-07-09,2021-07-09,561,0.9984301412872841
IND/GBRC544b/2021|2021-01-01,3,3822,7.849293563579278e-4,2021-01-01,2021-01-01,372,1
KHM/B117/2021|2021-03-16,8,3813,0.002098085496984002,2021-03-16,2021-03-16,446,0.9976452119309263
GHA/AA-NYGC-GenCov-21-R06-QVTE225/2021|2021-05-11,8,3819,0.002094789211835559,2021-05-11,2021-05-11,502,0.9992150706436421
CHN/Qingdao_307/2020|2020-10-10,3,3822,7.849293563579278e-4,2020-10-10,2020-10-10,289,1
CHN/S210-2690-376005/2021|2021-10-13,7,3816,0.0018343815513626835,2021-10-13,2021-10-13,657,0.9984301412872841
IND/KA-NIMH-SEQ-165/2021|2021-01-19,8,3822,0.0020931449502878076,2021-01-19,2021-01-19,390,1
IND/KA-NIMH-SEQ-29/2020|2020-12-24,8,3813,0.002098085496984002,2020-12-24,2020-12-24,364,0.9976452119309263
GTM/UGA-3100507/2021|2021-08-27,9,3816,0.0023584905660377358,2021-08-27,2021-08-27,610,0.9984301412872841
CAN/HCW9/2020|2020-05-28,1,3822,2.6164311878597594e-4,2020-05-28,2020-05-28,154,1
THA/CONI-0323/2020|2020-05-12,2,3639,5.496015388843089e-4,2020-05-12,2020-05-12,138,0.9521193092621664
THA/CONI-0643/2021|2021-03-16,8,3624,0.002207505518763797,2021-03-16,2021-03-16,446,0.9481946624803768
UGA/MUWRP-KIR210557S/2021|2021-10-19,8,3816,0.0020964360587002098,2021-10-19,2021-10-19,663,0.9984301412872841
IND/GBRC1292/2021|2021-07-14,8,3816,0.0020964360587002098,2021-07-14,2021-07-14,566,0.9984301412872841
UGA/MUWRP-GUL210261/2021|2021-07-22,7,3816,0.0018343815513626835,2021-07-22,2021-07-22,574,0.9984301412872841
Iraq/KR-SEARCH-118872/2021|2021-08-21,9,3792,0.0023734177215189874,2021-08-21,2021-08-21,604,0.9921507064364207
IND/GBRC643/2021|2021-03-28,9,3816,0.0023584905660377358,2021-03-28,2021-03-28,458,0.9984301412872841
USA/TG724095/2020|2020-04-24,1,3822,2.6164311878597594e-4,2020-04-24,2020-04-24,120,1
EGY/CCHE57357_Wave_4_134/2021|2021-10-18,9,3822,0.002354788069073783,2021-10-18,2021-10-18,662,1
CHN/S194-2036-337968/2021|2021-08-18,8,3816,0.0020964360587002098,2021-08-18,2021-08-18,601,0.9984301412872841
CHN/S206-2224-350158/2021|2021-09-02,8,3816,0.0020964360587002098,2021-09-02,2021-09-02,616,0.9984301412872841
USA/CA-LACPHL-AF04372/2021|2021-08-13,6,3542,0.0016939582156973462,2021-08-13,2021-08-13,596,0.9267399267399268
IND/INSACOG-GBRC1612/2020|2020-12-17,4,3822,0.0010465724751439038,2020-12-17,2020-12-17,357,1
KAZ/Wuhan_ALA-20/2020|2020-09-17,1,3822,2.6164311878597594e-4,2020-09-17,2020-09-17,266,1
MYS/M_N15018/2020|2020-10-21,3,3822,7.849293563579278e-4,2020-10-21,2020-10-21,300,1
IDN/10752101039/2021|2021-10-17,6,2845,0.00210896309314587,2021-10-17,2021-10-17,661,0.7443746729461015
IDN/10761001050/2021|2021-03-04,4,3627,0.0011028398125172319,2021-03-04,2021-03-04,434,0.9489795918367347
VNM/OUCRU-NHTD458/2021|2021-06-18,9,3816,0.0023584905660377358,2021-06-18,2021-06-18,540,0.9984301412872841
BGD/ideSHi-N-1392/2021|2021-03-16,9,3816,0.0023584905660377358,2021-03-16,2021-03-16,446,0.9984301412872841
OU323509|2021-06-07,7,3816,0.0018343815513626835,2021-06-07,2021-06-07,529,0.9984301412872841
England/CAMC-B0B37A/2020|2020-10-30,2,3822,5.232862375719519e-4,2020-10-30,2020-10-30,309,1
MMR/DSMRC-054/2021|2021-12-06,9,3816,0.0023584905660377358,2021-12-06,2021-12-06,711,0.9984301412872841
CHN/SH-P203-2-Wuhan/2020|2020-01-29,0,3822,0,2020-01-29,2020-01-29,34,1
PAK/238502/2021|2021-09-30,8,3542,0.002258610954263128,2021-09-30,2021-09-30,644,0.9267399267399268
NGA/CV29-1/2020|2020-03-27,1,3822,2.6164311878597594e-4,2020-03-27,2020-03-27,92,1
CMR/ICGEB-CIRCB_22941/2021|2021-02-05,9,3822,0.002354788069073783,2021-02-05,2021-02-05,407,1
IDN/10752101011/2021|2021-04-01,3,3822,7.849293563579278e-4,2021-04-01,2021-04-01,462,1
IND/GBRC837/2021|2021-05-05,8,3816,0.0020964360587002098,2021-05-05,2021-05-05,496,0.9984301412872841
SLE/SL46/2021|2021-06-08,8,3816,0.0020964360587002098,2021-06-08,2021-06-08,530,0.9984301412872841
IDN/10761001028/2021|2021-01-26,5,3627,0.0013785497656465398,2021-01-26,2021-01-26,397,0.9489795918367347
IDN/10761001002/2020|2020-12-02,2,3544,5.64334085778781e-4,2020-12-02,2020-12-02,342,0.9272632129774987
RUS/Primorye_3612/2020|2020-10-29,2,3822,5.232862375719519e-4,2020-10-29,2020-10-29,308,1
MEX/SLP-5_1988/2021|2021-07-29,10,3816,0.002620545073375262,2021-07-29,2021-07-29,581,0.9984301412872841
BRA/HUMAP_263/2020|2020-12-08,1,3822,2.6164311878597594e-4,2020-12-08,2020-12-08,348,1
NLD/EMC-Delta-AY4.2/2021|2021-10-22,11,3816,0.002882599580712788,2021-10-22,2021-10-22,666,0.9984301412872841
NGA/CV3491/2021|2021-11-10,8,3816,0.0020964360587002098,2021-11-10,2021-11-10,685,0.9984301412872841
MEX/BCN-4_4262/2021|2021-12-07,8,3816,0.0020964360587002098,2021-12-07,2021-12-07,712,0.9984301412872841
PHL/PH-DDOPH-12-2/2021|2021-05-26,9,3717,0.002421307506053269,2021-05-26,2021-05-26,517,0.9725274725274725
UGA/MUWRP-KIR210533S/2021|2021-10-12,7,3816,0.0018343815513626835,2021-10-12,2021-10-12,656,0.9984301412872841
CHN/GDIPH-GDPCC-02/2020|2020-03-28,2,3799,5.264543300868649e-4,2020-03-28,2020-03-28,93,0.9939822082679226
IND/CWS_0120_56288220/2021|2021-06-14,8,3748,0.0021344717182497333,2021-06-14,2021-06-14,536,0.9806384092098378
NGA/CV1123/2021|2021-04-16,7,3813,0.0018358248098610018,2021-04-16,2021-04-16,477,0.9976452119309263
TZA/KIDH-02B06/2021|2021-03-30,9,3813,0.0023603461841070024,2021-03-30,2021-03-30,460,0.9976452119309263
ETH/S1/2021|2021-02-03,4,3822,0.0010465724751439038,2021-02-03,2021-02-03,405,1
Japan/SZ-NIG-21361/2021|2021-04-23,7,3813,0.0018358248098610018,2021-04-23,2021-04-23,484,0.9976452119309263
PRY/WOR12903A615_202103284_2-4710526/2020|2020-05-27,2,3822,5.232862375719519e-4,2020-05-27,2020-05-27,153,1
England/PLYM-2C6B353/2021|2021-11-29,11,3816,0.002882599580712788,2021-11-29,2021-11-29,704,0.9984301412872841
NGA/CV14-1/2020|2020-03-29,1,3822,2.6164311878597594e-4,2020-03-29,2020-03-29,94,1
CHN/6051/2021|2021-05-30,8,3816,0.0020964360587002098,2021-05-30,2021-05-30,521,0.9984301412872841
OV101429|2021-03-31,8,3813,0.002098085496984002,2021-03-31,2021-03-31,461,0.9976452119309263
CHN/WX-820/2020|2020-08-20,1,3822,2.6164311878597594e-4,2020-08-20,2020-08-20,238,1
EGY/Egypt-Army-Thirdwave-329/2021|2021-04-25,10,3821,0.0026171159382360636,2021-04-25,2021-04-25,486,0.999738356881214
NGA/BCVL-26007/2021|2021-06-30,8,3481,0.002298190175237001,2021-06-30,2021-06-30,552,0.9107796964939822
CHN/6245/2021|2021-06-05,9,3717,0.002421307506053269,2021-06-05,2021-06-05,527,0.9725274725274725
IND/KA-NIMH-SEQ-77/2021|2021-01-04,3,3822,7.849293563579278e-4,2021-01-04,2021-01-04,375,1
England/LIVE-A6A86/2020|2020-03-16,0,3701,0,2020-03-16,2020-03-16,81,0.968341182626897
OV102180|2021-09-02,8,3816,0.0020964360587002098,2021-09-02,2021-09-02,616,0.9984301412872841
OU471409|2020-11-27,4,3822,0.0010465724751439038,2020-11-27,2020-11-27,337,1
NGA/CV300/2020|2020-08-31,3,3822,7.849293563579278e-4,2020-08-31,2020-08-31,249,1
IND/KA-NIMH-SEQ-177/2021|2021-01-26,8,3801,0.002104709287029729,2021-01-26,2021-01-26,397,0.9945054945054945
IND/KA-NIMH-SEQ-116/2021|2021-01-12,2,3821,5.234231876472127e-4,2021-01-12,2021-01-12,383,0.999738356881214
VNM/OUCRU-NHTD255/2021|2021-11-09,8,3816,0.0020964360587002098,2021-11-09,2021-11-09,684,0.9984301412872841
CHN/S175-1786-320379/2021|2021-08-01,8,3795,0.002108036890645586,2021-08-01,2021-08-01,584,0.9929356357927787
MYS/C476/2021|2021-01-14,4,3822,0.0010465724751439038,2021-01-14,2021-01-14,385,1
IND/CD210929/2021|2021-03-06,10,3822,0.0026164311878597592,2021-03-06,2021-03-06,436,1
LR884164|2020-05-21,1,3822,2.6164311878597594e-4,2020-05-21,2020-05-21,147,1
SWE/01/2020|2020-02-07,1,3822,2.6164311878597594e-4,2020-02-07,2020-02-07,43,1
COL/79256_Antioquia/2020|2020-03-11,0,3822,0,2020-03-11,2020-03-11,76,1
GRC/52_37266/2020|2020-04-01,0,3822,0,2020-04-01,2020-04-01,97,1
IND/GBRC69/2020|2020-05-04,4,3822,0.0010465724751439038,2020-05-04,2020-05-04,130,1
IND/GBRC105/2020|2020-05-06,3,3822,7.849293563579278e-4,2020-05-06,2020-05-06,132,1
IND/GBRC80/2020|2020-04-28,1,3822,2.6164311878597594e-4,2020-04-28,2020-04-28,124,1
BGD/BCSIR_NILMRC_002/2020|2020-05-23,1,3822,2.6164311878597594e-4,2020-05-23,2020-05-23,149,1
IND/GBRC176/2020|2020-06-05,1,3822,2.6164311878597594e-4,2020-06-05,2020-06-05,162,1
IND/GBRC205a/2020|2020-06-11,3,3822,7.849293563579278e-4,2020-06-11,2020-06-11,168,1
AUS/VIC2019/2020|2020-05-15,1,3812,2.6232948583420777e-4,2020-05-15,2020-05-15,141,0.9973835688121402
SAU/553/2020|2020-02-13,1,3822,2.6164311878597594e-4,2020-02-13,2020-02-13,49,1
ZMB/29/2020|2020-03-16,1,3822,2.6164311878597594e-4,2020-03-16,2020-03-16,81,1
TUR/Kafkas-SARSCoV2-0042/2020|2020-07-15,2,3822,5.232862375719519e-4,2020-07-15,2020-07-15,202,1
IND/GBRC339/2020|2020-07-09,2,3822,5.232862375719519e-4,2020-07-09,2020-07-09,196,1
IND/GBRC-395a/2020|2020-07-06,1,3822,2.6164311878597594e-4,2020-07-06,2020-07-06,193,1
PER/CoV-19_HRL-239/2020|2020-04-10,3,3822,7.849293563579278e-4,2020-04-10,2020-04-10,106,1
POL/PL_MCB_21/2020|2020-03-29,1,3822,2.6164311878597594e-4,2020-03-29,2020-03-29,94,1
FRA/21082180582/2021|2021-08-10,6,3794,0.0015814443858724301,2021-08-10,2021-08-10,593,0.9926739926739927
Lebanon/QIB-3/2020|2020-12-30,7,3813,0.0018358248098610018,2020-12-30,2020-12-30,370,0.9976452119309263
BRA/SP-NVBS7188GENOV828097786450/2021|2021-09-09,7,3816,0.0018343815513626835,2021-09-09,2021-09-09,623,0.9984301412872841
CHN/RS4_pool/2021|2021-01-16,5,3821,0.0013085579691180318,2021-01-16,2021-01-16,387,0.999738356881214
IND/GBRC645b/2021|2021-03-29,8,3816,0.0020964360587002098,2021-03-29,2021-03-29,459,0.9984301412872841
CHL/AR-UFRO-0010/2021|2021-08-07,12,3822,0.0031397174254317113,2021-08-07,2021-08-07,590,1
IDN/10761001037/2021|2021-02-11,4,3822,0.0010465724751439038,2021-02-11,2021-02-11,413,1
LR992078|2020-08-25,1,3822,2.6164311878597594e-4,2020-08-25,2020-08-25,243,1
PAK/JRCGR-KHI11/2020|2020-06-14,2,3822,5.232862375719519e-4,2020-06-14,2020-06-14,171,1
TUN/TUN_ADAGE_17-18245/2020|2020-10-16,4,3822,0.0010465724751439038,2020-10-16,2020-10-16,295,1
USA/FL-CDC-QDX21872569/2021|2021-02-08,2,3822,5.232862375719519e-4,2021-02-08,2021-02-08,410,1
USA/FL-BPHL-1100/2021|2021-02-22,8,3813,0.002098085496984002,2021-02-22,2021-02-22,424,0.9976452119309263
CAN/HCW13/2020|2020-06-02,1,3822,2.6164311878597594e-4,2020-06-02,2020-06-02,159,1
UZB/UZB-402/2021|2021-06-25,8,3748,0.0021344717182497333,2021-06-25,2021-06-25,547,0.9806384092098378
CHN/SH-P189-4-Africa-Ethiopia/2020|2020-08-05,7,3822,0.0018315018315018315,2020-08-05,2020-08-05,223,1
IDN/10761001016/2021|2021-01-05,2,3423,5.842827928717499e-4,2021-01-05,2021-01-05,376,0.8956043956043956
IDN/10761001012/2020|2020-12-30,2,3393,5.894488653109342e-4,2020-12-30,2020-12-30,370,0.8877551020408163
IDN/10761001085/2021|2021-05-06,4,3349,0.0011943863839952225,2021-05-06,2021-05-06,497,0.8762428048142333
SOM/NAMRU3_Mog_10/2021|2021-04-04,7,3813,0.0018358248098610018,2021-04-04,2021-04-04,465,0.9976452119309263
SouthAfrica/NHLS-UCT-GS-0719/2020|2020-10-14,3,3788,7.919746568109821e-4,2020-10-14,2020-10-14,293,0.9911041339612768
Belgium/UW21111376473/2021|2021-11-13,7,3816,0.0018343815513626835,2021-11-13,2021-11-13,688,0.9984301412872841
Wuhan/WIV04/2019|2019-12-30,0,3822,0,2019-12-30,2019-12-30,4,1
IRN/HGRC-2-2162/2020|2020-03-26,2,3822,5.232862375719519e-4,2020-03-26,2020-03-26,91,1
USA/CA-CZB-1478/2020|2020-05-01,2,3822,5.232862375719519e-4,2020-05-01,2020-05-01,127,1
BGD/BCSIR_NILMRC_292/2020|2020-07-17,1,3822,2.6164311878597594e-4,2020-07-17,2020-07-17,204,1
GHA/2986_S10/2020|2020-03-31,1,3822,2.6164311878597594e-4,2020-03-31,2020-03-31,96,1
PHL/COVID-4650/2020|2020-07-10,1,3822,2.6164311878597594e-4,2020-07-10,2020-07-10,197,1
IND/nimh-5102/2020|2020-04-25,1,3821,2.6171159382360636e-4,2020-04-25,2020-04-25,121,0.999738356881214
AUS/VIC11872/2020|2020-08-04,3,3822,7.849293563579278e-4,2020-08-04,2020-08-04,222,1
IND/GBRC432/2020|2020-09-03,2,3822,5.232862375719519e-4,2020-09-03,2020-09-03,252,1
Homosampiens/CHN/4389/2020|2020-03-12,0,3822,0,2020-03-12,2020-03-12,77,1
Japan/Donner44/2020|2020-06-13,2,3822,5.232862375719519e-4,2020-06-13,2020-06-13,170,1
UGA/MUWRP-MUL200468/2020|2020-12-08,7,3822,0.0018315018315018315,2020-12-08,2020-12-08,348,1
IND/RGCB-LMMD-23/2021|2021-03-17,7,3822,0.0018315018315018315,2021-03-17,2021-03-17,447,1
IND/P50/2020|2020-08-22,7,3822,0.0018315018315018315,2020-08-22,2020-08-22,240,1
BRA/SP-NVBS8003GENOV828203236589/2021|2021-10-01,8,3816,0.0020964360587002098,2021-10-01,2021-10-01,645,0.9984301412872841
NGA/CV327/2020|2020-04-24,2,3799,5.264543300868649e-4,2020-04-24,2020-04-24,120,0.9939822082679226
OZ192751|2021-03-09,6,3622,0.0016565433462175593,2021-03-09,2021-03-09,439,0.9476713762428048
BGD/BCSIR-SUST-30/2021|2021-01-31,7,3813,0.0018358248098610018,2021-01-31,2021-01-31,402,0.9976452119309263
EGY/EGY-Wave4-019/2021|2021-09-04,7,3816,0.0018343815513626835,2021-09-04,2021-09-04,618,0.9984301412872841
Mexico/BCN-SEARCH-102967/2020|2020-05-21,2,3822,5.232862375719519e-4,2020-05-21,2020-05-21,147,1
TWN/CGMH-CGU-86/2021|2021-07-27,8,3816,0.0020964360587002098,2021-07-27,2021-07-27,579,0.9984301412872841
IND/KA-NIMH-SEQ-129/2021|2021-01-18,3,3822,7.849293563579278e-4,2021-01-18,2021-01-18,389,1
MEX/YUC-NYGC-1206-SM/2021|2021-04-28,9,3813,0.0023603461841070024,2021-04-28,2021-04-28,489,0.9976452119309263
IRQ/Samawa-18/2021|2021-01-23,3,3822,7.849293563579278e-4,2021-01-23,2021-01-23,394,1
THA/CONI-1385/2021|2021-12-07,9,3816,0.0023584905660377358,2021-12-07,2021-12-07,712,0.9984301412872841
BRA/072/2020|2020-09-14,2,3822,5.232862375719519e-4,2020-09-14,2020-09-14,263,1
CHN/Qingdao_20417/2020|2020-10-11,3,3822,7.849293563579278e-4,2020-10-11,2020-10-11,290,1
NGA/CV368/2020|2020-04-25,1,3822,2.6164311878597594e-4,2020-04-25,2020-04-25,121,1
USA/UT-UPHL-2105223002/2021|2021-05-02,8,3813,0.002098085496984002,2021-05-02,2021-05-02,493,0.9976452119309263
CHN/S166-1693-310316/2021|2021-07-14,8,3816,0.0020964360587002098,2021-07-14,2021-07-14,566,0.9984301412872841
ETH/S7/2021|2021-01-23,2,3822,5.232862375719519e-4,2021-01-23,2021-01-23,394,1
IND/GBRC721/2021|2021-04-22,8,3816,0.0020964360587002098,2021-04-22,2021-04-22,483,0.9984301412872841
MMR/DSMRC011/2021|2021-05-28,12,3822,0.0031397174254317113,2021-05-28,2021-05-28,519,1
IND/29/2020|2020-01-27,1,3819,2.618486514794449e-4,2020-01-27,2020-01-27,32,0.9992150706436421
Wuhan/IPBCAMS-WH-03/2019|2019-12-30,0,3822,0,2019-12-30,2019-12-30,4,1
BRA/SP02/2020|2020-02-28,0,3822,0,2020-02-28,2020-02-28,64,1
KOR/BA-ACH_2719/2020|2020-02-29,0,3822,0,2020-02-29,2020-02-29,65,1
RUS/SCPM-O-cDNA-03/2020|2020-03-20,2,3822,5.232862375719519e-4,2020-03-20,2020-03-20,85,1
BGD/BCSIR_NILMRC_101/2020|2020-06-07,1,3822,2.6164311878597594e-4,2020-06-07,2020-06-07,164,1
IRN/Iran/2020|2020-03-26,2,3715,5.383580080753701e-4,2020-03-26,2020-03-26,91,0.9720041862899006
MAR/RMPS06/2020|2020-04-01,1,3822,2.6164311878597594e-4,2020-04-01,2020-04-01,97,1
PHL/COVID-3353/2020|2020-06-26,1,3822,2.6164311878597594e-4,2020-06-26,2020-06-26,183,1
EGY/EGY-S039/2020|2020-08-17,1,3822,2.6164311878597594e-4,2020-08-17,2020-08-17,235,1
IND/GBRC348a/2020|2020-06-18,5,3822,0.0013082155939298796,2020-06-18,2020-06-18,175,1
IND/GBRC-369/2020|2020-06-18,1,3822,2.6164311878597594e-4,2020-06-18,2020-06-18,175,1
THA/CONI-0917/2021|2021-07-14,9,3334,0.0026994601079784043,2021-07-14,2021-07-14,566,0.8723181580324437
IND/INSACOG-GBRC1526/2021|2021-08-17,9,3816,0.0023584905660377358,2021-08-17,2021-08-17,600,0.9984301412872841
KEN/SS10127/2021|2021-04-22,7,3607,0.0019406709176601053,2021-04-22,2021-04-22,483,0.9437467294610151
PRY/WOR12903A620_202103300_2-4710531/2020|2020-08-19,2,3822,5.232862375719519e-4,2020-08-19,2020-08-19,237,1
Wuhan/WH01/2019|2019-12-26,0,3822,0,2019-12-26,2019-12-26,0,1
CHN/105/2020|2020-01-26,0,3822,0,2020-01-26,2020-01-26,31,1
CHN/Beijing_IME-BJ03/2020|2020-01-28,0,3822,0,2020-01-28,2020-01-28,33,1
IND/GMC-RR1191/2020|2020-03-25,1,3822,2.6164311878597594e-4,2020-03-25,2020-03-25,90,1
GRC/149_32357/2020|2020-03-11,0,3822,0,2020-03-11,2020-03-11,76,1
BGD/DNAS_BSH_isl_1_BGD/2020|2020-04-29,2,3822,5.232862375719519e-4,2020-04-29,2020-04-29,125,1
BGD/BCSIR_NILMRC_81/2020|2020-06-01,2,3822,5.232862375719519e-4,2020-06-01,2020-06-01,158,1
TUR/KOC-IST-B303/2020|2020-03-27,2,3822,5.232862375719519e-4,2020-03-27,2020-03-27,92,1
USA/WA-S1434/2020|2020-05-21,1,3822,2.6164311878597594e-4,2020-05-21,2020-05-21,147,1
USA/WA-S2191/2020|2020-06-08,1,3822,2.6164311878597594e-4,2020-06-08,2020-06-08,165,1
VEN/8LR/2020|2020-03-18,2,3822,5.232862375719519e-4,2020-03-18,2020-03-18,83,1
IND/GBRC330/2020|2020-06-25,2,3822,5.232862375719519e-4,2020-06-25,2020-06-25,182,1
USA/FL-BPHL-1044/2020|2020-07-31,2,3822,5.232862375719519e-4,2020-07-31,2020-07-31,218,1
IND/nimh-11076/2020|2020-05-04,1,3822,2.6164311878597594e-4,2020-05-04,2020-05-04,130,1
SRB/PA00791-01-04/2020|2020-03-31,1,3822,2.6164311878597594e-4,2020-03-31,2020-03-31,96,1
KHM/Kunming_kms-2/2020|2020-03-21,1,3822,2.6164311878597594e-4,2020-03-21,2020-03-21,86,1
MW342708|2020-04-30,1,3822,2.6164311878597594e-4,2020-04-30,2020-04-30,126,1
BGD/NGRI-R3-14/2020|2020-10-23,3,3822,7.849293563579278e-4,2020-10-23,2020-10-23,302,1
PAK/JRCGR_SCV-97_QTA-01/2021|2021-02-01,3,3822,7.849293563579278e-4,2021-02-01,2021-02-01,403,1
MEX/YUC-NYGC-12003/2020|2020-12-06,3,3822,7.849293563579278e-4,2020-12-06,2020-12-06,346,1
IDN/10761001048/2021|2021-03-02,4,3590,0.0011142061281337048,2021-03-02,2021-03-02,432,0.9392987964416536
VNM/OUCRU-NHTD442/2021|2021-06-17,9,3816,0.0023584905660377358,2021-06-17,2021-06-17,539,0.9984301412872841
NGA/CV2709/2021|2021-05-27,10,3819,0.002618486514794449,2021-05-27,2021-05-27,518,0.9992150706436421
PHL/COVID-62779/2021|2021-04-29,9,3631,0.0024786560176259984,2021-04-29,2021-04-29,490,0.9500261643118786
PHL/COVID-75510/2021|2021-07-05,9,3768,0.0023885350318471337,2021-07-05,2021-07-05,557,0.9858712715855573
OV039238|2020-03-24,2,3435,5.822416302765648e-4,2020-03-24,2020-03-24,89,0.8987441130298273
BGD/B_210630_35.fasta/2021|2021-06-30,6,3814,0.0015731515469323545,2021-06-30,2021-06-30,552,0.9979068550497122
IND/GBRC492b/2020|2020-11-27,5,3822,0.0013082155939298796,2020-11-27,2020-11-27,337,1
IND/GBRC589b/2021|2021-02-03,4,3822,0.0010465724751439038,2021-02-03,2021-02-03,405,1
IRQ/Erbil4/2021|2021-03-09,8,3819,0.002094789211835559,2021-03-09,2021-03-09,439,0.9992150706436421
BRA/hCoV-19-Brazil-RS-rBB-COV-245/2020|2020-08-11,2,3822,5.232862375719519e-4,2020-08-11,2020-08-11,229,1
FRA/IHUCOVID-012431_Nova1/2020|2020-09-07,3,3822,7.849293563579278e-4,2020-09-07,2020-09-07,256,1
IND/INSACOG-GBRC1383/2021|2021-03-18,10,3650,0.0027397260273972603,2021-03-18,2021-03-18,448,0.9549973835688121
WestBank/AAS47/2021|2021-02-05,10,3822,0.0026164311878597592,2021-02-05,2021-02-05,407,1
NGA/CV602/2020|2020-12-16,4,3822,0.0010465724751439038,2020-12-16,2020-12-16,356,1
OM267722|2021-07-13,7,3816,0.0018343815513626835,2021-07-13,2021-07-13,565,0.9984301412872841
MEX/GUA-99/2020|2020-06-04,1,3671,2.7240533914464724e-4,2020-06-04,2020-06-04,161,0.9604918890633176
PHL/COVID-74969/2021|2021-07-03,11,3630,0.0030303030303030303,2021-07-03,2021-07-03,555,0.9497645211930926
UGA/MAKCHScov3/2020|2020-11-01,4,3711,0.0010778765831312314,2020-11-01,2020-11-01,311,0.9709576138147566
Iraq/KR-SEARCH-119812/2021|2021-08-08,9,3698,0.0024337479718766902,2021-08-08,2021-08-08,591,0.967556253270539
NGA/CV1138/2021|2021-04-04,8,3814,0.002097535395909806,2021-04-04,2021-04-04,465,0.9979068550497122
IND/IITRnCoV11/2020|2020-05-28,1,3602,2.77623542476402e-4,2020-05-28,2020-05-28,154,0.9424385138670853
IND/KA-NIMH-SEQ-127/2021|2021-01-17,7,3813,0.0018358248098610018,2021-01-17,2021-01-17,388,0.9976452119309263
FRA/IHUCOVID-034814_Nova1/2020|2020-08-20,2,3822,5.232862375719519e-4,2020-08-20,2020-08-20,238,1
MLI/MAL0113/2021|2021-03-31,7,3671,0.0019068373740125306,2021-03-31,2021-03-31,461,0.9604918890633176
IND/NIB149490/2021|2021-04-23,7,3821,0.0018319811567652448,2021-04-23,2021-04-23,484,0.999738356881214
NGA/CV529/2020|2020-09-05,3,3822,7.849293563579278e-4,2020-09-05,2020-09-05,254,1
NGA/CV830/2021|2021-01-25,7,3813,0.0018358248098610018,2021-01-25,2021-01-25,396,0.9976452119309263
IND/INSACOG-GBRC1485/2021|2021-07-20,11,3816,0.002882599580712788,2021-07-20,2021-07-20,572,0.9984301412872841
CHN/SH-P196-C-4-Europe-UK/2020|2020-08-24,1,3822,2.6164311878597594e-4,2020-08-24,2020-08-24,242,1
COL/RSEC-00001A/2020|2020-10-04,1,3820,2.617801047120419e-4,2020-10-04,2020-10-04,283,0.9994767137624281
BEN/623832/2021|2021-10-25,5,3540,0.0014124293785310734,2021-10-25,2021-10-25,669,0.9262166405023547
OM065372|2020-02-06,0,3822,0,2020-02-06,2020-02-06,42,1
IND/INSACOG-GBRC1379/2021|2021-03-17,8,3759,0.002128225591912743,2021-03-17,2021-03-17,447,0.9835164835164835
BRA/RJ-NVBS6616GENOV700939574671/2021|2021-09-08,6,3816,0.0015723270440251573,2021-09-08,2021-09-08,622,0.9984301412872841
HUN/VEVE1/2021|2021-02-22,8,3813,0.002098085496984002,2021-02-22,2021-02-22,424,0.9976452119309263
GTM/UGA-21025928/2021|2021-06-29,5,3813,0.0013113034356150013,2021-06-29,2021-06-29,551,0.9976452119309263
IND/Barcode25MN908947.3/2021|2021-09-10,9,3822,0.002354788069073783,2021-09-10,2021-09-10,624,1
IDN/10761001006/2020|2020-12-16,2,3821,5.234231876472127e-4,2020-12-16,2020-12-16,356,0.999738356881214
humans/USA/WA-PHL-028884/2020|2020-10-12,2,3822,5.232862375719519e-4,2020-10-12,2020-10-12,291,1
BGD/NGRI-R4-OR19/2020|2020-10-28,3,3822,7.849293563579278e-4,2020-10-28,2020-10-28,307,1
JPN/HiroHC139c/2020|2020-08-01,2,3822,5.232862375719519e-4,2020-08-01,2020-08-01,219,1
USA/MEX-QUE-UW-21020778761/2021|2021-02-07,3,3822,7.849293563579278e-4,2021-02-07,2021-02-07,409,1
IND/KA-NIMH-SEQ-63/2021|2021-01-02,5,3822,0.0013082155939298796,2021-01-02,2021-01-02,373,1
IND/KA-NIMH-SEQ-153/2021|2021-01-18,3,3822,7.849293563579278e-4,2021-01-18,2021-01-18,389,1
UGA/MUWRP-GUL210381/2021|2021-09-24,11,3807,0.0028894142369319674,2021-09-24,2021-09-24,638,0.9960753532182104
OU632832|2020-12-07,2,3822,5.232862375719519e-4,2020-12-07,2020-12-07,347,1
NGA/CV304/2020|2020-10-05,4,3822,0.0010465724751439038,2020-10-05,2020-10-05,284,1
NGA/CV2032/2021|2021-03-03,7,3565,0.0019635343618513326,2021-03-03,2021-03-03,433,0.9327577184720042
USA/MN-CDC-IBX725185926321/2021|2021-11-22,9,3816,0.0023584905660377358,2021-11-22,2021-11-22,697,0.9984301412872841
IND/KA-NIMH-SEQ-58/2020|2020-12-29,7,3813,0.0018358248098610018,2020-12-29,2020-12-29,369,0.9976452119309263
USA/NY-PRL-210413_00D11/2021|2021-04-11,7,3822,0.0018315018315018315,2021-04-11,2021-04-11,472,1
CHN/Qingdao_20426/2020|2020-10-11,3,3822,7.849293563579278e-4,2020-10-11,2020-10-11,290,1
CHN/GDIPH-GDPCC-04/2021|2021-01-26,8,3819,0.002094789211835559,2021-01-26,2021-01-26,397,0.9992150706436421
Iraq/KR-SEARCH-119941/2021|2021-09-27,9,3791,0.002374043787918755,2021-09-27,2021-09-27,641,0.9918890633176347
PAK/AKUs56/2020|2020-10-09,3,3822,7.849293563579278e-4,2020-10-09,2020-10-09,288,1
EGY/CUNCI-HGC11I013/2021|2021-01-03,5,3821,0.0013085579691180318,2021-01-03,2021-01-03,374,0.999738356881214
SRB/LI00536-09-11/2020|2020-11-09,3,3822,7.849293563579278e-4,2020-11-09,2020-11-09,319,1
IND/GBRC441/2020|2020-11-24,3,3822,7.849293563579278e-4,2020-11-24,2020-11-24,334,1
GHA/nmimr-SARS-CoV-2-NTRA-9793/2020|2020-11-13,2,3822,5.232862375719519e-4,2020-11-13,2020-11-13,323,1
KEN/C26/2020|2020-03-21,1,3555,2.8129395218002813e-4,2020-03-21,2020-03-21,86,0.9301412872841445
IND/ILS14/2020|2020-05-20,5,3822,0.0013082155939298796,2020-05-20,2020-05-20,146,1
Pakistan/UHS2-Pak-54/2021|2021-05-26,7,3813,0.0018358248098610018,2021-05-26,2021-05-26,517,0.9976452119309263
BRA/141/2020|2020-03-30,2,3822,5.232862375719519e-4,2020-03-30,2020-03-30,95,1
CHN/5646/2021|2021-05-26,8,3816,0.0020964360587002098,2021-05-26,2021-05-26,517,0.9984301412872841
PAK/JRCGR_SCV-89_LHR-06/2021|2021-03-10,8,3813,0.002098085496984002,2021-03-10,2021-03-10,440,0.9976452119309263
VEN/Bol4715/2021|2021-01-01,13,3822,0.003401360544217687,2021-01-01,2021-01-01,372,1
RUS/RUSPrimorye_8112/2021|2021-09-15,7,3816,0.0018343815513626835,2021-09-15,2021-09-15,629,0.9984301412872841
CHN/Qingdao_QD1/2020|2020-09-28,3,3822,7.849293563579278e-4,2020-09-28,2020-09-28,277,1
IDN/RSDS-RCVTD-UNAIR-11-B/2020|2020-05-19,1,3602,2.77623542476402e-4,2020-05-19,2020-05-19,145,0.9424385138670853
EGY/EGY_CCHE57357_A_06/2020|2020-05-30,3,3822,7.849293563579278e-4,2020-05-30,2020-05-30,156,1
EGY/CUNCI-HGC12I021/2021|2021-01-09,4,3822,0.0010465724751439038,2021-01-09,2021-01-09,380,1
USA/FL-CDC-STM-000005950/2021|2021-01-28,8,3717,0.0021522733387140166,2021-01-28,2021-01-28,399,0.9725274725274725
IND/CMP_35_FMR/2020|2020-09-09,3,3822,7.849293563579278e-4,2020-09-09,2020-09-09,258,1
PHL/PH-PGC-00317/2020|2020-12-29,7,3813,0.0018358248098610018,2020-12-29,2020-12-29,369,0.9976452119309263
USA/CA-CZB-22521/2020|2020-12-10,2,3809,5.250721974271463e-4,2020-12-10,2020-12-10,350,0.9965986394557823
IND/Wuhan/2021|2021-08-29,6,3822,0.0015698587127158557,2021-08-29,2021-08-29,612,1
KOR/KD-Cov-N2/2020|2020-07-16,3,3822,7.849293563579278e-4,2020-07-16,2020-07-16,203,1
IND/ICMR-NIRTH-S3/2020|2020-03-20,2,3352,5.966587112171838e-4,2020-03-20,2020-03-20,85,0.8770277341705913
IDN/10761001060/2021|2021-03-23,4,3627,0.0011028398125172319,2021-03-23,2021-03-23,453,0.9489795918367347
FIN/FIN45-VE6-THL-202121391/2021|2021-06-19,9,3822,0.002354788069073783,2021-06-19,2021-06-19,541,1
UGA/MUWRP-GUL210379/2021|2021-09-23,10,3816,0.002620545073375262,2021-09-23,2021-09-23,637,0.9984301412872841
IND/ICMR-NIRTH-S23/2020|2020-07-27,1,3822,2.6164311878597594e-4,2020-07-27,2020-07-27,214,1
BRA/ViroUNIFESP-V430-A/2021|2021-02-08,3,3817,7.859575582918522e-4,2021-02-08,2021-02-08,410,0.9986917844060701
Colombia/CO-DC-UW21020867501/2021|2021-02-08,2,3822,5.232862375719519e-4,2021-02-08,2021-02-08,410,1
Chile/CL-RM-UW21022265507/2021|2021-02-22,2,3822,5.232862375719519e-4,2021-02-22,2021-02-22,424,1
CHN/6186/2021|2021-06-02,7,3739,0.0018721583311045735,2021-06-02,2021-06-02,524,0.978283621140764
SAU/KAIMRC-S559/2021|2021-02-10,6,3819,0.0015710919088766694,2021-02-10,2021-02-10,412,0.9992150706436421
BRA/45949/2020|2020-11-15,3,3821,7.851347814708192e-4,2020-11-15,2020-11-15,325,0.999738356881214
BGD/ideSHi-S-24/2021|2021-03-23,9,3816,0.0023584905660377358,2021-03-23,2021-03-23,453,0.9984301412872841
Japan/SZ-NIG-21612/2021|2021-05-02,8,3813,0.002098085496984002,2021-05-02,2021-05-02,493,0.9976452119309263
IND/515MN908947.3/2021|2021-09-25,9,3822,0.002354788069073783,2021-09-25,2021-09-25,639,1
UZB/hCoV-19-Uzb-CGB-04/2020|2020-10-14,1,3822,2.6164311878597594e-4,2020-10-14,2020-10-14,293,1
IND/GBRC1250/2021|2021-05-11,6,3816,0.0015723270440251573,2021-05-11,2021-05-11,502,0.9984301412872841
ETH/S14/2021|2021-02-04,4,3822,0.0010465724751439038,2021-02-04,2021-02-04,406,1
MMR/DSMRC040/2021|2021-11-03,7,3816,0.0018343815513626835,2021-11-03,2021-11-03,678,0.9984301412872841
IND/KA-NIMH-SEQ-102/2020|2020-12-31,2,3822,5.232862375719519e-4,2020-12-31,2020-12-31,371,1
IND/GBRC463/2021|2021-02-23,7,3813,0.0018358248098610018,2021-02-23,2021-02-23,425,0.9976452119309263
NOR/Bergen-02/2020|2020-09-25,2,3822,5.232862375719519e-4,2020-09-25,2020-09-25,274,1
BGD/Laila_654/2021|2021-08-14,9,3816,0.0023584905660377358,2021-08-14,2021-08-14,597,0.9984301412872841
MYS/M_C15472/2021|2021-11-30,14,3816,0.003668763102725367,2021-11-30,2021-11-30,705,0.9984301412872841
SouthAfrica/NHLS-UCT-GS-9025/2020|2020-12-28,8,3642,0.002196595277320154,2020-12-28,2020-12-28,368,0.9529042386185244
IND/IITRnCoV46/2020|2020-09-07,4,3602,0.001110494169905608,2020-09-07,2020-09-07,256,0.9424385138670853
Wales/PHWC-166C8B/2020|2020-06-27,1,3822,2.6164311878597594e-4,2020-06-27,2020-06-27,184,1
OU515862|2021-07-19,7,3816,0.0018343815513626835,2021-07-19,2021-07-19,571,0.9984301412872841
MRT/INRSP59582/2021|2021-09-29,8,2974,0.0026899798251513113,2021-09-29,2021-09-29,643,0.7781266352694924
IND/INSACOG-GBRC1382/2021|2021-02-28,8,3813,0.002098085496984002,2021-02-28,2021-02-28,430,0.9976452119309263
CHN/SH-P104-B-3-Europe-UK/2020|2020-03-27,0,3822,0,2020-03-27,2020-03-27,92,1
IND/INSACOG-GBRC1372/2021|2021-02-23,9,3775,0.0023841059602649007,2021-02-23,2021-02-23,425,0.9877027734170591
IND/GBRC717/2021|2021-04-23,7,3816,0.0018343815513626835,2021-04-23,2021-04-23,484,0.9984301412872841
SLE/SL12/2021|2021-01-27,4,3822,0.0010465724751439038,2021-01-27,2021-01-27,398,1
LR963405|2020-06-01,1,3404,2.937720329024677e-4,2020-06-01,2020-06-01,158,0.8906331763474621
PAK/SARS-CoV-2_120/2020|2020-04-22,2,3822,5.232862375719519e-4,2020-04-22,2020-04-22,118,1
PAK/SARS-CoV-2_136/2020|2020-03-16,2,3822,5.232862375719519e-4,2020-03-16,2020-03-16,81,1
GHA/WACCBIP_nCoV_GS111/2021|2021-01-06,7,3813,0.0018358248098610018,2021-01-06,2021-01-06,377,0.9976452119309263
IND/GBRC440/2020|2020-11-10,2,3822,5.232862375719519e-4,2020-11-10,2020-11-10,320,1
EGY/NRC1/2020|2020-05-01,3,3822,7.849293563579278e-4,2020-05-01,2020-05-01,127,1
MAR/FMP80/2021|2021-01-08,7,3813,0.0018358248098610018,2021-01-08,2021-01-08,379,0.9976452119309263
EGY/PHARCO-ARMY009/2021|2021-02-09,1,3822,2.6164311878597594e-4,2021-02-09,2021-02-09,411,1
IND/GBRC593a/2021|2021-02-20,7,3767,0.0018582426333952748,2021-02-20,2021-02-20,422,0.9856096284667714
BGD/icddrb-CHAMPS-BDAA02205/2021|2021-02-06,1,3822,2.6164311878597594e-4,2021-02-06,2021-02-06,408,1
NGA/CV185/2020|2020-06-13,2,3822,5.232862375719519e-4,2020-06-13,2020-06-13,170,1
RUS/Primorye_509/2021|2021-12-20,9,3812,0.00236096537250787,2021-12-20,2021-12-20,725,0.9973835688121402
LBY/BTRCLibyaSARS-CoV-2WGS-23/2021|2021-02-25,2,3822,5.232862375719519e-4,2021-02-25,2021-02-25,427,1
MMR/DSMRC012/2021|2021-05-28,15,3822,0.003924646781789639,2021-05-28,2021-05-28,519,1
HG994163|2020-05-19,1,3822,2.6164311878597594e-4,2020-05-19,2020-05-19,145,1
EGY/CPHL-NRC-4/2020|2020-04-07,1,3705,2.699055330634278e-4,2020-04-07,2020-04-07,103,0.9693877551020408
ETH/39650_S8_L001_1/2020|2020-12-20,2,3819,5.236973029588898e-4,2020-12-20,2020-12-20,360,0.9992150706436421
Finland/FIN-UH25M-Caco2-P3/2020|2020-03-26,1,3822,2.6164311878597594e-4,2020-03-26,2020-03-26,91,1
PER/UPCH_cov0431/2021|2021-02-02,8,3801,0.002104709287029729,2021-02-02,2021-02-02,404,0.9945054945054945
Pakistan/UHS2-Pak-21/2021|2021-05-01,9,3813,0.0023603461841070024,2021-05-01,2021-05-01,492,0.9976452119309263
PHL/COVID51005/2021|2021-03-12,11,3646,0.0030170049369171695,2021-03-12,2021-03-12,442,0.9539508110936682
Colombia/UW20112534311/2020|2020-11-25,1,3822,2.6164311878597594e-4,2020-11-25,2020-11-25,335,1
UGA/MUWRP-JIN200233/2020|2020-09-02,4,3822,0.0010465724751439038,2020-09-02,2020-09-02,251,1
NGA/BCVL-3475/2020|2020-07-16,1,3795,2.6350461133069827e-4,2020-07-16,2020-07-16,203,0.9929356357927787
NGA/BCVL-3645/2020|2020-07-17,1,3822,2.6164311878597594e-4,2020-07-17,2020-07-17,204,1
CHN/6367/2021|2021-05-31,8,3816,0.0020964360587002098,2021-05-31,2021-05-31,522,0.9984301412872841
CHN/6178/2021|2021-06-02,8,3717,0.0021522733387140166,2021-06-02,2021-06-02,524,0.9725274725274725
CMR/CERI-KRISP-K026908/2021|2021-04-09,9,3822,0.002354788069073783,2021-04-09,2021-04-09,470,1
USA/MI-MDHHS-SC26937/2020|2020-05-04,1,3719,2.6888948642108095e-4,2020-05-04,2020-05-04,130,0.9730507587650444
KOR/235-Day1/2020|2020-04-17,0,3821,0,2020-04-17,2020-04-17,113,0.999738356881214
MEX/TLA-429/2020|2020-03-27,1,3822,2.6164311878597594e-4,2020-03-27,2020-03-27,92,1
Wuhan/WIV07/2019|2019-12-30,0,3822,0,2019-12-30,2019-12-30,4,1
Wuhan/WIV02/2019|2019-12-30,1,3822,2.6164311878597594e-4,2019-12-30,2019-12-30,4,1
IND/166/2020|2020-01-31,1,3822,2.6164311878597594e-4,2020-01-31,2020-01-31,36,1
IND/GBRC44/2020|2020-04-29,2,3822,5.232862375719519e-4,2020-04-29,2020-04-29,125,1
EGY/CUNCI-HGC7I029/2020|2020-07-19,1,3822,2.6164311878597594e-4,2020-07-19,2020-07-19,206,1
USA/WA-S2304/2020|2020-06-12,1,3822,2.6164311878597594e-4,2020-06-12,2020-06-12,169,1
VEN/3NE/2020|2020-04-10,1,3822,2.6164311878597594e-4,2020-04-10,2020-04-10,106,1
PHL/COVID-3593/2020|2020-06-29,3,3822,7.849293563579278e-4,2020-06-29,2020-06-29,186,1
IND/GBRC-376a/2020|2020-07-06,2,3822,5.232862375719519e-4,2020-07-06,2020-07-06,193,1
TUR/Trabzon_1708-2020/2020|2020-04-09,1,3822,2.6164311878597594e-4,2020-04-09,2020-04-09,105,1
IND/GBRC-375/2020|2020-07-09,2,3822,5.232862375719519e-4,2020-07-09,2020-07-09,196,1
IRN/COVID19-IRVSH6/2020|2020-05-01,1,3822,2.6164311878597594e-4,2020-05-01,2020-05-01,127,1
EGY/EGY-143/2020|2020-08-29,1,3822,2.6164311878597594e-4,2020-08-29,2020-08-29,247,1
IND/GBRC433/2020|2020-09-01,2,3822,5.232862375719519e-4,2020-09-01,2020-09-01,250,1
IND/GBRC431a/2020|2020-07-06,6,3810,0.0015748031496062992,2020-07-06,2020-07-06,193,0.9968602825745683
IND/INSACOG-GBRC1359/2020|2020-12-12,2,3766,5.310674455655868e-4,2020-12-12,2020-12-12,352,0.9853479853479854
IND/GBRC504/2020|2020-12-17,4,3822,0.0010465724751439038,2020-12-17,2020-12-17,357,1
ETH/AH-002/2020|2020-12-18,2,3822,5.232862375719519e-4,2020-12-18,2020-12-18,358,1
UGA/MUWRP-JIN210097/2021|2021-06-12,7,3816,0.0018343815513626835,2021-06-12,2021-06-12,534,0.9984301412872841
IND/RGCB-LMMD-12/2021|2021-05-11,7,3621,0.0019331676332504833,2021-05-11,2021-05-11,502,0.9474097331240189
KEN/KEM-20-07-54817/2020|2020-07-31,2,3822,5.232862375719519e-4,2020-07-31,2020-07-31,218,1
IND/523MN908947.3/2021|2021-09-25,8,3822,0.0020931449502878076,2021-09-25,2021-09-25,639,1
Mexico/BCN-SEARCH-102825/2020|2020-04-20,1,3822,2.6164311878597594e-4,2020-04-20,2020-04-20,116,1
MMR/NayPyiTaw-dsmrc-034/2021|2021-07-06,8,3816,0.0020964360587002098,2021-07-06,2021-07-06,558,0.9984301412872841
IDN/10752101010/2021|2021-04-01,3,3822,7.849293563579278e-4,2021-04-01,2021-04-01,462,1
CHN/S146-1287-246321/2021|2021-04-10,5,3822,0.0013082155939298796,2021-04-10,2021-04-10,471,1
OU470919|2021-03-18,8,3813,0.002098085496984002,2021-03-18,2021-03-18,448,0.9976452119309263
THA/CONI-0725/2021|2021-05-20,8,3629,0.002204464039680353,2021-05-20,2021-05-20,511,0.9495028780743067
CHN/SH-P178-4-North-America-Canada/2020|2020-06-22,1,3822,2.6164311878597594e-4,2020-06-22,2020-06-22,179,1
NGA/CV894/2021|2021-02-11,7,3813,0.0018358248098610018,2021-02-11,2021-02-11,413,0.9976452119309263
NGA/CV307/2020|2020-10-12,1,3822,2.6164311878597594e-4,2020-10-12,2020-10-12,291,1
CHN/Qingdao_20437/2020|2020-10-11,3,3822,7.849293563579278e-4,2020-10-11,2020-10-11,290,1
FRA/IHUCOVID-014801-Nova1M/2020|2020-05-01,1,3822,2.6164311878597594e-4,2020-05-01,2020-05-01,127,1
IND/NIB149855/2021|2021-04-23,8,3809,0.002100288789708585,2021-04-23,2021-04-23,484,0.9965986394557823
MLI/MAL0123/2021|2021-04-04,8,3813,0.002098085496984002,2021-04-04,2021-04-04,465,0.9976452119309263
CHN/6201/2021|2021-06-03,7,3643,0.0019214932747735384,2021-06-03,2021-06-03,525,0.9531658817373103
CHN/Hefei-299/2020|2020-02-08,1,3822,2.6164311878597594e-4,2020-02-08,2020-02-08,44,1
CHN/SH-P76-B-3-Europe-Italy/2020|2020-03-14,3,3822,7.849293563579278e-4,2020-03-14,2020-03-14,79,1
MEX/CMX-297/2021|2021-02-13,4,3822,0.0010465724751439038,2021-02-13,2021-02-13,415,1
PHL/COVID56628/2021|2021-03-29,10,3633,0.0027525461051472614,2021-03-29,2021-03-29,459,0.9505494505494505
PAK/SARS-CoV-2_149/2020|2020-06-01,2,3822,5.232862375719519e-4,2020-06-01,2020-06-01,158,1
MLI/UCRC68/2020|2020-03-18,1,3822,2.6164311878597594e-4,2020-03-18,2020-03-18,83,1
USA/WA-UW-4580/2020|2020-03-31,1,3822,2.6164311878597594e-4,2020-03-31,2020-03-31,96,1
EGY/CUNCI-HGC9I037/2020|2020-12-25,1,3818,2.6191723415400735e-4,2020-12-25,2020-12-25,365,0.998953427524856
IRQ/IRQ-BAS1/2020|2020-10-01,2,3822,5.232862375719519e-4,2020-10-01,2020-10-01,280,1
IRQ/NN_Erbil/2021|2021-01-20,4,3822,0.0010465724751439038,2021-01-20,2021-01-20,391,1
ARG/Cordoba-189-251/2020|2020-05-16,1,3822,2.6164311878597594e-4,2020-05-16,2020-05-16,142,1
PHL/PH-PGC-02812/2021|2021-01-24,7,3813,0.0018358248098610018,2021-01-24,2021-01-24,395,0.9976452119309263
EGY/PHARCO-ARMY001/2021|2021-02-09,1,3822,2.6164311878597594e-4,2021-02-09,2021-02-09,411,1
IND/ILS22/2020|2020-05-10,1,3822,2.6164311878597594e-4,2020-05-10,2020-05-10,136,1
IND/KA-NIMH-SEQ-100/2020|2020-12-31,4,3822,0.0010465724751439038,2020-12-31,2020-12-31,371,1
OZ062333|2021-05-27,12,3822,0.0031397174254317113,2021-05-27,2021-05-27,518,1
BTN/RCDC0006-SV210144/2021|2021-03-31,8,3813,0.002098085496984002,2021-03-31,2021-03-31,461,0.9976452119309263
PAK/IoM-I/2021|2021-01-07,2,3822,5.232862375719519e-4,2021-01-07,2021-01-07,378,1
IND/THSTI-BAL-41/2020|2020-04-07,1,3821,2.6171159382360636e-4,2020-04-07,2020-04-07,103,0.999738356881214
CHN/S181-1866-327706/2021|2021-08-08,9,3816,0.0023584905660377358,2021-08-08,2021-08-08,591,0.9984301412872841
VEN/DeA1365/2021|2021-04-17,13,3822,0.003401360544217687,2021-04-17,2021-04-17,478,1
MMR/DSMRC020/2021|2021-06-02,10,3822,0.0026164311878597592,2021-06-02,2021-06-02,524,1
MEX/SEARCH-4778-TIJ/2020|2020-08-22,3,3822,7.849293563579278e-4,2020-08-22,2020-08-22,240,1
MMR/DSMRC013/2021|2021-05-28,10,3822,0.0026164311878597592,2021-05-28,2021-05-28,519,1
PRT/PT_CBR_269681/2021|2021-12-05,8,3634,0.002201430930104568,2021-12-05,2021-12-05,710,0.9508110936682366
EGY/CCHE57357_W4_A061/2021|2021-08-30,8,3822,0.0020931449502878076,2021-08-30,2021-08-30,613,1
LR963458|2020-05-01,1,3822,2.6164311878597594e-4,2020-05-01,2020-05-01,127,1
CHL/Santiago-PUC_MVL_0091/2020|2020-03-29,1,3822,2.6164311878597594e-4,2020-03-29,2020-03-29,94,1
PAK/SARS-CoV-2_28/2020|2020-05-29,3,3822,7.849293563579278e-4,2020-05-29,2020-05-29,155,1
PAK/SARS-CoV-2_96/2020|2020-04-15,2,3822,5.232862375719519e-4,2020-04-15,2020-04-15,111,1
FIN/87HEL-VE6-H10/2020|2020-12-18,8,3813,0.002098085496984002,2020-12-18,2020-12-18,358,0.9976452119309263
PHL/PH-PGC-02826/2021|2021-01-21,8,3804,0.002103049421661409,2021-01-21,2021-01-21,392,0.9952904238618524
OV102153|2021-06-10,9,3813,0.0023603461841070024,2021-06-10,2021-06-10,532,0.9976452119309263
RUS/Primorye_4863/2020|2020-12-15,2,3822,5.232862375719519e-4,2020-12-15,2020-12-15,355,1
IND/IITRnCoV4/2020|2020-05-24,2,3602,5.55247084952804e-4,2020-05-24,2020-05-24,150,0.9424385138670853
SOM/NAMRU3_Mog_40/2021|2021-02-28,8,3595,0.0022253129346314327,2021-02-28,2021-02-28,430,0.9406070120355835
NGA/CV66/2020|2020-05-13,1,3822,2.6164311878597594e-4,2020-05-13,2020-05-13,139,1
GHA/AA-NYGC-M901-UORO623/2021|2021-04-24,7,3813,0.0018358248098610018,2021-04-24,2021-04-24,485,0.9976452119309263
IDN/10752101034/2021|2021-09-29,6,2552,0.0023510971786833857,2021-09-29,2021-09-29,643,0.6677132391418106
BRA/935/2020|2020-04-29,2,3702,5.402485143165856e-4,2020-04-29,2020-04-29,125,0.9686028257456829
EGY/CUNCI-HGC9I021/2020|2020-12-25,4,3822,0.0010465724751439038,2020-12-25,2020-12-25,365,1
MAR/Morocco_HMIMV_279CC/2020|2020-07-01,2,3822,5.232862375719519e-4,2020-07-01,2020-07-01,188,1
IND/GBRC438/2020|2020-11-10,1,3822,2.6164311878597594e-4,2020-11-10,2020-11-10,320,1
ETH/39379_S7_L001_1/2020|2020-12-20,1,3819,2.618486514794449e-4,2020-12-20,2020-12-20,360,0.9992150706436421
EGY/PHARCO-ARMY26/2021|2021-02-09,5,3819,0.0013092432573972245,2021-02-09,2021-02-09,411,0.9992150706436421
NGA/CV3488/2021|2021-11-10,9,3816,0.0023584905660377358,2021-11-10,2021-11-10,685,0.9984301412872841
Japan/Donner424/2021|2021-02-15,3,3702,8.103727714748784e-4,2021-02-15,2021-02-15,417,0.9686028257456829
USA/MI-CDC-STM-000064326/2021|2021-04-28,6,3819,0.0015710919088766694,2021-04-28,2021-04-28,489,0.9992150706436421
IND/INSACOG-GBRC1605/2021|2021-08-21,7,3783,0.0018503832936822627,2021-08-21,2021-08-21,604,0.9897959183673469
PHL/COVID58693/2021|2021-04-08,9,3776,0.0023834745762711866,2021-04-08,2021-04-08,469,0.9879644165358451
RUS/Podolsk/2021|2021-10-08,8,3816,0.0020964360587002098,2021-10-08,2021-10-08,652,0.9984301412872841
Japan/Donner236/2020|2020-12-21,2,3821,5.234231876472127e-4,2020-12-21,2020-12-21,361,0.999738356881214
IND/GBRC486a/2020|2020-11-24,1,3819,2.618486514794449e-4,2020-11-24,2020-11-24,334,0.9992150706436421
IND/GBRC554/2021|2021-01-09,3,3822,7.849293563579278e-4,2021-01-09,2021-01-09,380,1
CHN/LA-5165/2021|2021-05-14,1,3822,2.6164311878597594e-4,2021-05-14,2021-05-14,505,1
IND/GBRC514/2020|2020-11-25,3,3822,7.849293563579278e-4,2020-11-25,2020-11-25,335,1
CHN/SH-P188-4-North-America-Mexico/2020|2020-07-15,2,3822,5.232862375719519e-4,2020-07-15,2020-07-15,202,1
ZAF/NHLS-UCT-GP-6235/2021|2021-04-17,7,3608,0.0019401330376940134,2021-04-17,2021-04-17,478,0.9440083725798012
NZL/20VR3131/2020|2020-06-16,1,3604,2.774694783573807e-4,2020-06-16,2020-06-16,173,0.9429618001046572
MEX/CHH_0279/2021|2021-03-26,7,3813,0.0018358248098610018,2021-03-26,2021-03-26,456,0.9976452119309263
IND/INSACOG-GBRC1517/2021|2021-07-27,6,3816,0.0015723270440251573,2021-07-27,2021-07-27,579,0.9984301412872841
TUR/ERAGEM-DEL-1103/2021|2021-10-05,9,3816,0.0023584905660377358,2021-10-05,2021-10-05,649,0.9984301412872841
CHN/SH-P175-4-Asia-UAE/2020|2020-05-16,1,3822,2.6164311878597594e-4,2020-05-16,2020-05-16,142,1
CHN/SH-P196-A-4-Europe-UK/2020|2020-08-31,1,3822,2.6164311878597594e-4,2020-08-31,2020-08-31,249,1
ZAF/NHLS-UCT-GS-3887/2020|2020-06-15,1,3822,2.6164311878597594e-4,2020-06-15,2020-06-15,172,1
PAK/JRCGR_SCV-69/2020|2020-11-21,4,3822,0.0010465724751439038,2020-11-21,2020-11-21,331,1
PHL/COVID58228/2021|2021-04-07,9,3701,0.002431775195893002,2021-04-07,2021-04-07,468,0.968341182626897
MEX/SIN-3_ID2503/2021|2021-05-22,10,3815,0.002621231979030144,2021-05-22,2021-05-22,513,0.9981684981684982
USA/CO-CDPHE-2101817209/2021|2021-09-22,10,3816,0.002620545073375262,2021-09-22,2021-09-22,636,0.9984301412872841
NGA/BCVL-22773/2021|2021-02-03,7,3813,0.0018358248098610018,2021-02-03,2021-02-03,405,0.9976452119309263
CHN/6172/2021|2021-06-01,8,3816,0.0020964360587002098,2021-06-01,2021-06-01,523,0.9984301412872841
USA/MA-CDCBI-CRSP_OBD3SVQYW4KIP24W/2021|2021-10-29,8,3816,0.0020964360587002098,2021-10-29,2021-10-29,673,0.9984301412872841
CHN/6240/2021|2021-06-05,8,3798,0.00210637177461822,2021-06-05,2021-06-05,527,0.9937205651491365
BRA/ViroUNIFESP-V141-2-B/2020|2020-10-24,3,3637,8.248556502612042e-4,2020-10-24,2020-10-24,303,0.9515960230245945
CHN/S191-2033-041191/2021|2021-08-18,9,3816,0.0023584905660377358,2021-08-18,2021-08-18,601,0.9984301412872841
CHN/S230-3534-437974/2021|2021-12-08,7,3816,0.0018343815513626835,2021-12-08,2021-12-08,713,0.9984301412872841
CHN/SH-P179-4-Asia-India/2020|2020-06-21,1,3822,2.6164311878597594e-4,2020-06-21,2020-06-21,178,1
OZ061296|2021-01-27,14,3822,0.003663003663003663,2021-01-27,2021-01-27,398,1
CAN/KB-D-002/2021|2021-12-28,8,3814,0.002097535395909806,2021-12-28,2021-12-28,733,0.9979068550497122
PAK/241456/2021|2021-10-05,6,3354,0.0017889087656529517,2021-10-05,2021-10-05,649,0.8775510204081632
CHN/S150-1309-249759/2021|2021-04-14,5,3822,0.0013082155939298796,2021-04-14,2021-04-14,475,1
RUS/RUSPrimorye_6706/2021|2021-05-31,8,3816,0.0020964360587002098,2021-05-31,2021-05-31,522,0.9984301412872841
GIN/C3/2020|2020-06-14,1,3822,2.6164311878597594e-4,2020-06-14,2020-06-14,171,1
Pakistan/UHS2-Pak-465/2021|2021-07-01,7,3322,0.002107164358819988,2021-07-01,2021-07-01,553,0.869178440607012
NGA/CV3069/2021|2021-09-06,7,3767,0.0018582426333952748,2021-09-06,2021-09-06,620,0.9856096284667714
KEN/SS4133/2021|2021-10-25,9,3816,0.0023584905660377358,2021-10-25,2021-10-25,669,0.9984301412872841
ETH/AH-001/2020|2020-12-19,4,3822,0.0010465724751439038,2020-12-19,2020-12-19,359,1
CHN/S144-1283-244097/2021|2021-04-08,4,3822,0.0010465724751439038,2021-04-08,2021-04-08,469,1
LR963435|2020-04-01,1,3604,2.774694783573807e-4,2020-04-01,2020-04-01,97,0.9429618001046572
LR963466|2020-03-01,1,2968,3.3692722371967657e-4,2020-03-01,2020-03-01,66,0.7765567765567766
PAK/GL-NIBD-04/2020|2020-10-15,5,3822,0.0013082155939298796,2020-10-15,2020-10-15,294,1
EGY/EGY-ARMY-MCL005/2020|2020-11-19,4,3822,0.0010465724751439038,2020-11-19,2020-11-19,329,1
EGY/EGY-ARMY-MCL011/2020|2020-11-19,1,3822,2.6164311878597594e-4,2020-11-19,2020-11-19,329,1
IND/isolate1469/2020|2020-06-30,1,3821,2.6171159382360636e-4,2020-06-30,2020-06-30,187,0.999738356881214
IND/GBRC457/2020|2020-12-26,7,3813,0.0018358248098610018,2020-12-26,2020-12-26,366,0.9976452119309263
COL/SEC-1541G/2021|2021-07-24,6,3046,0.001969796454366382,2021-07-24,2021-07-24,576,0.7969649398220827
NGA/BCVL-23930/2021|2021-02-14,8,3813,0.002098085496984002,2021-02-14,2021-02-14,416,0.9976452119309263
USA/CA-CDPH-3000112373/2021|2021-06-29,6,3581,0.0016755096341803965,2021-06-29,2021-06-29,551,0.9369440083725799
Iraq/KR-SEARCH-119928/2021|2021-06-28,7,3788,0.0018479408658922914,2021-06-28,2021-06-28,550,0.9911041339612768
IRL/AIIDV1752/2021|2021-02-24,10,3593,0.0027831895352073478,2021-02-24,2021-02-24,426,0.9400837257980115
IDN/10752101005/2021|2021-03-04,2,3822,5.232862375719519e-4,2021-03-04,2021-03-04,434,1
IDN/10752101025/2021|2021-08-25,8,2566,0.003117692907248636,2021-08-25,2021-08-25,608,0.6713762428048142
SouthAfrica/NHLS-UCT-GS-B053/2021|2021-01-03,9,3629,0.002480022044640397,2021-01-03,2021-01-03,374,0.9495028780743067
Netherlands/Loon_op_zand_1363512/2020|2020-02-29,0,3822,0,2020-02-29,2020-02-29,65,1
VNM/nCoV-19-02S/2020|2020-01-22,0,3822,0,2020-01-22,2020-01-22,27,1
AUS/VIC13/2020|2020-01-31,0,3585,0,2020-01-31,2020-01-31,36,0.9379905808477237
IND/GBRC50/2020|2020-04-30,1,3822,2.6164311878597594e-4,2020-04-30,2020-04-30,126,1
IND/GBRC43/2020|2020-04-29,2,3822,5.232862375719519e-4,2020-04-29,2020-04-29,125,1
BGD/akbiomed_01/2020|2020-04-25,1,3822,2.6164311878597594e-4,2020-04-25,2020-04-25,121,1
BGD/DNAS_isl_116/2020|2020-05-24,2,3822,5.232862375719519e-4,2020-05-24,2020-05-24,150,1
IND/GBRC223a/2020|2020-06-08,3,3822,7.849293563579278e-4,2020-06-08,2020-06-08,165,1
IND/GBRC212/2020|2020-06-11,1,3822,2.6164311878597594e-4,2020-06-11,2020-06-11,168,1
PHL/COVID-3493/2020|2020-06-29,1,3822,2.6164311878597594e-4,2020-06-29,2020-06-29,186,1
IND/GBRC332a/2020|2020-07-27,3,3822,7.849293563579278e-4,2020-07-27,2020-07-27,214,1
IRQ/USAFSAM-S071/2020|2020-06-16,2,3822,5.232862375719519e-4,2020-06-16,2020-06-16,173,1
NGA/NG57839/2020|2020-03-22,1,3822,2.6164311878597594e-4,2020-03-22,2020-03-22,87,1
TUR/KOC-IST-OD5/2020|2020-06-21,2,3822,5.232862375719519e-4,2020-06-21,2020-06-21,178,1
CHN/SH-P174-4-Asia-UAE/2020|2020-05-04,1,3822,2.6164311878597594e-4,2020-05-04,2020-05-04,130,1
BGD/B_211014_06.fasta/2021|2021-10-14,7,3814,0.0018353434714210803,2021-10-14,2021-10-14,658,0.9979068550497122
SOM/NAMRU3_Mog_18/2021|2021-02-28,7,3813,0.0018358248098610018,2021-02-28,2021-02-28,430,0.9976452119309263
CHN/IME-HZ01/2020|2020-01-22,0,3822,0,2020-01-22,2020-01-22,27,1
HongKong/17_2201/2020|2020-02-03,0,3688,0,2020-02-03,2020-02-03,39,0.9649398220826793
CHN/Wuhan_IME-WH03/2019|2019-12-30,1,3822,2.6164311878597594e-4,2019-12-30,2019-12-30,4,1
IND/GMCTC469/2020|2020-03-20,1,3822,2.6164311878597594e-4,2020-03-20,2020-03-20,85,1
IND/GBRC165/2020|2020-05-27,3,3822,7.849293563579278e-4,2020-05-27,2020-05-27,153,1
DEU/NRW-29/2020|2020-03-15,1,3822,2.6164311878597594e-4,2020-03-15,2020-03-15,80,1
IND/GBRC286/2020|2020-07-03,1,3822,2.6164311878597594e-4,2020-07-03,2020-07-03,190,1
VEN/1Z/2020|2020-03-16,2,3822,5.232862375719519e-4,2020-03-16,2020-03-16,81,1
PHL/COVID-3563/2020|2020-06-29,2,3822,5.232862375719519e-4,2020-06-29,2020-06-29,186,1
PHL/COVID-5698/2020|2020-07-16,2,3822,5.232862375719519e-4,2020-07-16,2020-07-16,203,1
PHL/COVID-5127/2020|2020-07-14,2,3822,5.232862375719519e-4,2020-07-14,2020-07-14,201,1
IND/GBRC335a/2020|2020-07-06,2,3822,5.232862375719519e-4,2020-07-06,2020-07-06,193,1
IRN/COVID19-IRVSH3/2020|2020-05-01,2,3822,5.232862375719519e-4,2020-05-01,2020-05-01,127,1
IND/GBRC427a/2020|2020-07-14,3,3822,7.849293563579278e-4,2020-07-14,2020-07-14,201,1
MW294011|2020-10-26,1,3822,2.6164311878597594e-4,2020-10-26,2020-10-26,305,1
RUS/5473/2020|2020-08-11,5,3807,0.001313370107696349,2020-08-11,2020-08-11,229,0.9960753532182104
BGD/NGRI-R4-O17/2020|2020-08-12,3,3822,7.849293563579278e-4,2020-08-12,2020-08-12,230,1
SAU/KAIMRC-S539/2021|2021-01-31,5,3822,0.0013082155939298796,2021-01-31,2021-01-31,402,1
IND/19/2021|2021-12-23,10,3822,0.0026164311878597592,2021-12-23,2021-12-23,728,1
LKA/COV53/2020|2020-03-10,1,3822,2.6164311878597594e-4,2020-03-10,2020-03-10,75,1
MAR/15N/2020|2020-05-15,1,3822,2.6164311878597594e-4,2020-05-15,2020-05-15,141,1
IND/GBRC260b/2020|2020-06-11,1,3822,2.6164311878597594e-4,2020-06-11,2020-06-11,168,1
Guatemala/UN-CDC-3536657-001/2020|2020-03-18,1,3822,2.6164311878597594e-4,2020-03-18,2020-03-18,83,1
IND/GBRC-368a/2020|2020-06-18,3,3822,7.849293563579278e-4,2020-06-18,2020-06-18,175,1
IND/nimh-11071/2020|2020-05-04,1,3822,2.6164311878597594e-4,2020-05-04,2020-05-04,130,1
BEL/GHB-03021/2020|2020-02-03,1,3780,2.6455026455026457e-4,2020-02-03,2020-02-03,39,0.989010989010989
TWN/CGMH-CGU-36/2020|2020-09-17,2,3822,5.232862375719519e-4,2020-09-17,2020-09-17,266,1
NGA/CV668/2020|2020-12-20,5,3822,0.0013082155939298796,2020-12-20,2020-12-20,360,1
BGD/Laila_502/2021|2021-11-14,10,3816,0.002620545073375262,2021-11-14,2021-11-14,689,0.9984301412872841
CHN/5645/2021|2021-05-26,8,3816,0.0020964360587002098,2021-05-26,2021-05-26,517,0.9984301412872841
TZA/KIDH-03B03/2021|2021-04-26,8,3813,0.002098085496984002,2021-04-26,2021-04-26,487,0.9976452119309263
OM065379|2020-02-07,0,3822,0,2020-02-07,2020-02-07,43,1
CHN/SH-P147-3-Europe-Russia/2020|2020-04-03,1,3822,2.6164311878597594e-4,2020-04-03,2020-04-03,99,1
CHN/SH-P144-3-Asia-Indonesia/2020|2020-04-02,1,3822,2.6164311878597594e-4,2020-04-02,2020-04-02,98,1
MYS/M_C15428/2021|2021-11-28,9,3816,0.0023584905660377358,2021-11-28,2021-11-28,703,0.9984301412872841
IND/INSACOG-GBRC1472/2021|2021-07-05,9,3816,0.0023584905660377358,2021-07-05,2021-07-05,557,0.9984301412872841
MEX/YUC-NYGC-52944/2020|2020-09-21,3,3705,8.097165991902834e-4,2020-09-21,2020-09-21,270,0.9693877551020408
GHA/nmimr-SARS-CoV-2-NTRA-21-32640/2021|2021-02-19,7,3782,0.0018508725542041248,2021-02-19,2021-02-19,421,0.989534275248561
Pakistan/UHS-PAK-S61/2021|2021-04-10,8,3813,0.002098085496984002,2021-04-10,2021-04-10,471,0.9976452119309263
GHA/AA-NYGC-M593-TZFW588/2021|2021-03-11,9,3788,0.002375923970432946,2021-03-11,2021-03-11,441,0.9911041339612768
IND/524MN908947.3/2021|2021-09-25,9,3822,0.002354788069073783,2021-09-25,2021-09-25,639,1
CHN/S256-3919-059256/2021|2021-12-21,8,3816,0.0020964360587002098,2021-12-21,2021-12-21,726,0.9984301412872841
MAR/CNRST132_INH5900/2021|2021-07-07,11,3816,0.002882599580712788,2021-07-07,2021-07-07,559,0.9984301412872841
USA/OR-CDC-LC0365682/2021|2021-11-01,8,3816,0.0020964360587002098,2021-11-01,2021-11-01,676,0.9984301412872841
OU471401|2020-07-07,1,3822,2.6164311878597594e-4,2020-07-07,2020-07-07,194,1
OV005936|2020-05-24,1,3822,2.6164311878597594e-4,2020-05-24,2020-05-24,150,1
UZB/hCoV-19-Uzb-CGB-08/2020|2020-10-14,3,3822,7.849293563579278e-4,2020-10-14,2020-10-14,293,1
OU995742|2020-04-30,0,3822,0,2020-04-30,2020-04-30,126,1
PAK/JRCGR_SCV-93_MARDAN-04/2021|2021-03-09,7,3813,0.0018358248098610018,2021-03-09,2021-03-09,439,0.9976452119309263
IND/INSACOG-GBRC1622/2021|2021-03-21,6,3816,0.0015723270440251573,2021-03-21,2021-03-21,451,0.9984301412872841
PAK/251491/2021|2021-10-23,8,3578,0.0022358859698155395,2021-10-23,2021-10-23,667,0.9361590790162219
IRL/AIIDB0457/2021|2021-05-28,7,3804,0.001840168243953733,2021-05-28,2021-05-28,519,0.9952904238618524
PHL/COVID58236/2021|2021-04-07,9,3614,0.0024903154399557276,2021-04-07,2021-04-07,468,0.9455782312925171
CHN/SH-P182-4-Asia-India/2020|2020-07-02,0,3822,0,2020-07-02,2020-07-02,189,1
England/PHEC-1B2C0/2020|2020-02-28,1,3639,2.748007694421544e-4,2020-02-28,2020-02-28,64,0.9521193092621664
NGA/CV534/2020|2020-11-24,5,3822,0.0013082155939298796,2020-11-24,2020-11-24,334,1
IND/GBRC589a/2021|2021-02-03,2,3822,5.232862375719519e-4,2021-02-03,2021-02-03,405,1
IND/GBRC667/2021|2021-04-20,7,3816,0.0018343815513626835,2021-04-20,2021-04-20,481,0.9984301412872841
BGD/BD_B_211014_06/2021|2021-10-14,8,3399,0.0023536334215945864,2021-10-14,2021-10-14,658,0.8893249607535322
Iraq/KR-SEARCH-119935/2021|2021-06-10,9,3791,0.002374043787918755,2021-06-10,2021-06-10,532,0.9918890633176347
EGY/CCHE57357_W4_A048/2021|2021-09-03,8,3822,0.0020931449502878076,2021-09-03,2021-09-03,617,1
EGY/CCHE57357_Wave_4_070/2021|2021-10-23,9,3822,0.002354788069073783,2021-10-23,2021-10-23,667,1
OV044756|2020-03-29,1,3771,2.6518164942985947e-4,2020-03-29,2020-03-29,94,0.9866562009419152
England/MILK-118D73F/2021|2021-01-26,7,3812,0.0018363064008394543,2021-01-26,2021-01-26,397,0.9973835688121402
IND/Barcode08MN908947.3/2021|2021-09-10,7,3822,0.0018315018315018315,2021-09-10,2021-09-10,624,1
MEX/SIN_1180/2021|2021-05-10,10,3813,0.0026226068712300026,2021-05-10,2021-05-10,501,0.9976452119309263
CHN/HZ-481/2020|2020-01-25,0,3822,0,2020-01-25,2020-01-25,30,1
LKA/COV38/2020|2020-03-16,0,3822,0,2020-03-16,2020-03-16,81,1
IND/GBRC28/2020|2020-04-30,4,3822,0.0010465724751439038,2020-04-30,2020-04-30,126,1
IND/GBRC45/2020|2020-04-29,3,3822,7.849293563579278e-4,2020-04-29,2020-04-29,125,1
BGD/BCSIR_NILMRC_77/2020|2020-06-01,1,3822,2.6164311878597594e-4,2020-06-01,2020-06-01,158,1
LBN/LB-R8/2020|2020-03-19,1,3822,2.6164311878597594e-4,2020-03-19,2020-03-19,84,1
CUB/USAFSAM-S030/2020|2020-03-19,1,3822,2.6164311878597594e-4,2020-03-19,2020-03-19,84,1
PHL/COVID-3477/2020|2020-06-29,2,3822,5.232862375719519e-4,2020-06-29,2020-06-29,186,1
PHL/COVID-5658/2020|2020-07-16,2,3822,5.232862375719519e-4,2020-07-16,2020-07-16,203,1
IND/GBRC331/2020|2020-07-27,3,3822,7.849293563579278e-4,2020-07-27,2020-07-27,214,1
IND/GBRC351a/2020|2020-06-18,2,3822,5.232862375719519e-4,2020-06-18,2020-06-18,175,1
IND/GBRC359/2020|2020-06-25,4,3822,0.0010465724751439038,2020-06-25,2020-06-25,182,1
IND/GBRC-392a/2020|2020-07-06,1,3822,2.6164311878597594e-4,2020-07-06,2020-07-06,193,1
EGY/EGY-72/2020|2020-08-22,1,3822,2.6164311878597594e-4,2020-08-22,2020-08-22,240,1
EGY/Cairo-sample8MOH/2020|2020-05-17,2,3595,5.563282336578582e-4,2020-05-17,2020-05-17,143,0.9406070120355835
ISR/NH_GD3_0726/2020|2020-07-26,1,3822,2.6164311878597594e-4,2020-07-26,2020-07-26,213,1
RUS/1011/2020|2020-04-11,1,3822,2.6164311878597594e-4,2020-04-11,2020-04-11,107,1
Chile/CL-RM-UW21062699024/2021|2021-06-26,9,3801,0.0023677979479084454,2021-06-26,2021-06-26,548,0.9945054945054945
MEX/YUC-NYGC-26399/2020|2020-08-11,3,3822,7.849293563579278e-4,2020-08-11,2020-08-11,229,1
RUS/Primorye_8110/2021|2021-09-14,11,3816,0.002882599580712788,2021-09-14,2021-09-14,628,0.9984301412872841
VEN/Yar9463/2021|2021-05-13,13,3822,0.003401360544217687,2021-05-13,2021-05-13,504,1
USA/CO-CDPHE-2102098889/2021|2021-10-29,7,3815,0.001834862385321101,2021-10-29,2021-10-29,673,0.9981684981684982
UZB/UZB-336/2021|2021-06-25,9,3816,0.0023584905660377358,2021-06-25,2021-06-25,547,0.9984301412872841
CHN/SH-P173-3-Europe-UK/2020|2020-04-30,1,3822,2.6164311878597594e-4,2020-04-30,2020-04-30,126,1
CHN/SH-P187-4-Asia-India/2020|2020-09-20,2,3822,5.232862375719519e-4,2020-09-20,2020-09-20,269,1
MEX/DUR-1_2789/2021|2021-08-08,7,3816,0.0018343815513626835,2021-08-08,2021-08-08,591,0.9984301412872841
ITA/236_21_SCV2/2021|2021-06-16,9,3813,0.0023603461841070024,2021-06-16,2021-06-16,538,0.9976452119309263
RUS/210306-30/2021|2021-02-27,3,3822,7.849293563579278e-4,2021-02-27,2021-02-27,429,1
ROU/TT459/2021|2021-07-13,11,3816,0.002882599580712788,2021-07-13,2021-07-13,565,0.9984301412872841
UGA/MAKCHScov21/2021|2021-01-13,5,3643,0.001372495196266813,2021-01-13,2021-01-13,384,0.9531658817373103
IND/GBRC566/2021|2021-03-16,9,3822,0.002354788069073783,2021-03-16,2021-03-16,446,1
CHN/S148-1293-248679/2021|2021-04-12,4,3822,0.0010465724751439038,2021-04-12,2021-04-12,473,1
IND/CWS_0012_49330960/2021|2021-05-23,7,3822,0.0018315018315018315,2021-05-23,2021-05-23,514,1
IND/CWS_0077_55316183/2021|2021-06-11,7,3822,0.0018315018315018315,2021-06-11,2021-06-11,533,1
IRQ/NAJAF/2020|2020-02-20,0,3822,0,2020-02-20,2020-02-20,56,1
PRY/202102971_94853/2021|2021-04-20,15,3822,0.003924646781789639,2021-04-20,2021-04-20,481,1
RUS/Primorye_8219/2021|2021-10-15,7,3816,0.0018343815513626835,2021-10-15,2021-10-15,659,0.9984301412872841
RUS/Primorye_4267/2020|2020-11-23,2,3822,5.232862375719519e-4,2020-11-23,2020-11-23,333,1
IND/CD208560/2020|2020-09-16,4,3822,0.0010465724751439038,2020-09-16,2020-09-16,265,1
RUS/Primorye_6897/2021|2021-06-24,7,3816,0.0018343815513626835,2021-06-24,2021-06-24,546,0.9984301412872841
THA/CONI-1105/2021|2021-09-22,8,3816,0.0020964360587002098,2021-09-22,2021-09-22,636,0.9984301412872841
NGA/CV49/2020|2020-06-30,2,3732,5.359056806002144e-4,2020-06-30,2020-06-30,187,0.9764521193092621
IND/GBRC465/2021|2021-02-28,9,3813,0.0023603461841070024,2021-02-28,2021-02-28,430,0.9976452119309263
VNM/HCMC_321/2021|2021-08-17,8,3816,0.0020964360587002098,2021-08-17,2021-08-17,600,0.9984301412872841
USA/TG927917/2020|2020-10-26,2,3822,5.232862375719519e-4,2020-10-26,2020-10-26,305,1
MEX/MEX-5_1518/2021|2021-06-30,10,3816,0.002620545073375262,2021-06-30,2021-06-30,552,0.9984301412872841
BRA/HRMS_1251/2020|2020-07-15,3,3822,7.849293563579278e-4,2020-07-15,2020-07-15,202,1
IDN/RSDS-RCVTD-UNAIR-35-B/2020|2020-06-24,5,3822,0.0013082155939298796,2020-06-24,2020-06-24,181,1
GTM/UGA-5057853/2021|2021-06-16,14,3822,0.003663003663003663,2021-06-16,2021-06-16,538,1
Lesotho/UHB-MI-SEB-00896/2021|2021-08-26,6,3569,0.0016811431773606051,2021-08-26,2021-08-26,609,0.9338042909471481
IDN/10761001026/2021|2021-01-19,4,3627,0.0011028398125172319,2021-01-19,2021-01-19,390,0.9489795918367347
OV091520|2020-06-30,2,3750,5.333333333333334e-4,2020-06-30,2020-06-30,187,0.9811616954474097
CHN/6171/2021|2021-06-01,8,3816,0.0020964360587002098,2021-06-01,2021-06-01,523,0.9984301412872841
IND/INSACOG-GBRC1592/2021|2021-08-13,8,3816,0.0020964360587002098,2021-08-13,2021-08-13,596,0.9984301412872841
IND/INSACOG-GBRC1623/2021|2021-03-22,7,3813,0.0018358248098610018,2021-03-22,2021-03-22,452,0.9976452119309263
TUR/ERAGEM-ALP-1102/2021|2021-03-11,7,3813,0.0018358248098610018,2021-03-11,2021-03-11,441,0.9976452119309263
IND/15/2021|2021-12-23,9,3822,0.002354788069073783,2021-12-23,2021-12-23,728,1
IND/GBRC733/2021|2021-04-18,9,3816,0.0023584905660377358,2021-04-18,2021-04-18,479,0.9984301412872841
GHA/AA-NYGC-M65-RKOQ265/2021|2021-02-10,7,3813,0.0018358248098610018,2021-02-10,2021-02-10,412,0.9976452119309263
TWN/CGMH-CGU-91/2021|2021-10-27,9,3816,0.0023584905660377358,2021-10-27,2021-10-27,671,0.9984301412872841
LR963384|2020-06-01,1,3770,2.652519893899204e-4,2020-06-01,2020-06-01,158,0.9863945578231292
GHA/WACCBIP_nCoV_GS21/2020|2020-07-22,2,3820,5.235602094240838e-4,2020-07-22,2020-07-22,209,0.9994767137624281
GHA/WACCBIP_nCoV_GS27/2020|2020-07-21,2,3820,5.235602094240838e-4,2020-07-21,2020-07-21,208,0.9994767137624281
GHA/nmimr-SARS-CoV-2-NTRA-9791/2020|2020-11-13,2,3822,5.232862375719519e-4,2020-11-13,2020-11-13,323,1
USA/FL-CDC-ASC210243108/2021|2021-07-23,7,3816,0.0018343815513626835,2021-07-23,2021-07-23,575,0.9984301412872841
Japan/DP0184/2020|2020-02-15,0,3822,0,2020-02-15,2020-02-15,51,1
Wuhan/WIV06/2019|2019-12-30,0,3822,0,2019-12-30,2019-12-30,4,1
NPL/61-TW/2020|2020-01-13,1,3822,2.6164311878597594e-4,2020-01-13,2020-01-13,18,1
CHN/Beijing-01/2020|2020-01-03,0,3822,0,2020-01-03,2020-01-03,8,1
CHN/WHUHnCoV008/2020|2020-01-22,0,3822,0,2020-01-22,2020-01-22,27,1
LKA/COV486/2020|2020-03-31,0,3822,0,2020-03-31,2020-03-31,96,1
IND/GBRC24b/2020|2020-04-26,4,3822,0.0010465724751439038,2020-04-26,2020-04-26,122,1
IND/GBRC57/2020|2020-05-03,1,3783,2.643404705260375e-4,2020-05-03,2020-05-03,129,0.9897959183673469
CZE/IAB_14/2020|2020-04-27,2,3822,5.232862375719519e-4,2020-04-27,2020-04-27,123,1
IND/GBRC142/2020|2020-05-24,1,3822,2.6164311878597594e-4,2020-05-24,2020-05-24,150,1
EGY/CUNCI-HGC6I015/2020|2020-06-02,1,3822,2.6164311878597594e-4,2020-06-02,2020-06-02,159,1
BGD/DNAS_isl_6301/2020|2020-05-18,1,3822,2.6164311878597594e-4,2020-05-18,2020-05-18,144,1
IND/GBRC270/2020|2020-06-13,1,3822,2.6164311878597594e-4,2020-06-13,2020-06-13,170,1
CUB/USAFSAM-S031/2020|2020-03-24,2,3822,5.232862375719519e-4,2020-03-24,2020-03-24,89,1
AUS/VIC15842/2020|2020-10-02,3,3822,7.849293563579278e-4,2020-10-02,2020-10-02,281,1
IND/nimh-3045/2020|2020-04-22,1,3795,2.6350461133069827e-4,2020-04-22,2020-04-22,118,0.9929356357927787
TUR/KOC-IST-B288/2020|2020-03-26,2,3822,5.232862375719519e-4,2020-03-26,2020-03-26,91,1
ISR/NH_M1_0614/2020|2020-06-14,2,3822,5.232862375719519e-4,2020-06-14,2020-06-14,171,1
BRA/528/2020|2020-03-23,2,3822,5.232862375719519e-4,2020-03-23,2020-03-23,88,1
MEX/GRO-95/2020|2020-05-15,1,3662,2.7307482250136535e-4,2020-05-15,2020-05-15,141,0.9581371009942439
IND/barcode_20_MN908947.3/2021|2021-09-10,8,3822,0.0020931449502878076,2021-09-10,2021-09-10,624,1
BGD/ideSHi-TR-1029/2021|2021-04-08,7,3594,0.0019476905954368391,2021-04-08,2021-04-08,469,0.9403453689167975
Chile/CL-RM-UW21052984272/2021|2021-05-29,9,3801,0.0023677979479084454,2021-05-29,2021-05-29,520,0.9945054945054945
IDN/10761001042/2021|2021-02-16,4,3507,0.0011405759908753922,2021-02-16,2021-02-16,418,0.9175824175824175
IDN/10761001093/2021|2021-06-23,7,3542,0.001976284584980237,2021-06-23,2021-06-23,545,0.9267399267399268
CHN/SH-P185-4-Africa-Senegal/2020|2020-09-18,2,3822,5.232862375719519e-4,2020-09-18,2020-09-18,267,1
IND/GBRC754/2021|2021-04-23,8,3816,0.0020964360587002098,2021-04-23,2021-04-23,484,0.9984301412872841
FRA/21092210284/2021|2021-09-14,7,3816,0.0018343815513626835,2021-09-14,2021-09-14,628,0.9984301412872841
CHN/S226-3496-434774/2021|2021-12-07,7,3816,0.0018343815513626835,2021-12-07,2021-12-07,712,0.9984301412872841
MYS/C6427/2021|2021-04-17,3,3822,7.849293563579278e-4,2021-04-17,2021-04-17,478,1
CHN/SH-P35-H-2-Shanghai/2020|2020-02-22,1,3681,2.7166530834012495e-4,2020-02-22,2020-02-22,58,0.9631083202511774
CHN/SH-P149-3-Europe-Russia/2020|2020-04-10,1,3822,2.6164311878597594e-4,2020-04-10,2020-04-10,106,1
MEX/YUC-NYGC-15600/2020|2020-09-22,1,3686,2.7129679869777537e-4,2020-09-22,2020-09-22,271,0.9644165358451072
TUR/Kocak/2020|2020-02-09,1,3822,2.6164311878597594e-4,2020-02-09,2020-02-09,45,1
NGA/CV536/2020|2020-11-12,5,3822,0.0013082155939298796,2020-11-12,2020-11-12,322,1
ESP/MD-HGUGM-4821747/2020|2020-12-08,2,3725,5.369127516778523e-4,2020-12-08,2020-12-08,348,0.9746206174777603
MEX/MIC-4_3061/2021|2021-09-29,9,3816,0.0023584905660377358,2021-09-29,2021-09-29,643,0.9984301412872841
NGA/CV183/2020|2020-06-13,1,3647,2.7419797093501506e-4,2020-06-13,2020-06-13,170,0.9542124542124543
MEX/BCN-4_3873/2021|2021-11-19,8,3816,0.0020964360587002098,2021-11-19,2021-11-19,694,0.9984301412872841
BGD/IVPP_230.fasta/2020|2020-12-31,1,3821,2.6171159382360636e-4,2020-12-31,2020-12-31,371,0.999738356881214
ETH/S15/2021|2021-05-01,2,3822,5.232862375719519e-4,2021-05-01,2021-05-01,492,1
MEX/YUC-NYGC-6635/2021|2021-01-22,5,3805,0.001314060446780552,2021-01-22,2021-01-22,393,0.9955520669806384
TZA/KIDH-01B10/2021|2021-01-23,8,3595,0.0022253129346314327,2021-01-23,2021-01-23,394,0.9406070120355835
IND/GBRC626a/2021|2021-03-30,8,3816,0.0020964360587002098,2021-03-30,2021-03-30,460,0.9984301412872841
BGD/NGRI-R4-O24/2020|2020-09-10,1,3822,2.6164311878597594e-4,2020-09-10,2020-09-10,259,1
MNG/3002951746/2021|2021-05-08,10,3813,0.0026226068712300026,2021-05-08,2021-05-08,499,0.9976452119309263
TZA/KIDH-01B01/2021|2021-01-23,9,3595,0.0025034770514603616,2021-01-23,2021-01-23,394,0.9406070120355835
TGO/nmimr-TG-SARS-CoV-2-TGS-060-21/2021|2021-02-25,7,3813,0.0018358248098610018,2021-02-25,2021-02-25,427,0.9976452119309263
Japan/SZ-NIG-212585/2021|2021-07-13,7,3813,0.0018358248098610018,2021-07-13,2021-07-13,565,0.9976452119309263
IND/KA-NIMH-SEQ-8/2020|2020-12-22,7,3792,0.0018459915611814346,2020-12-22,2020-12-22,362,0.9921507064364207
EGY/CCHE57357_W4_A055/2021|2021-08-31,6,3822,0.0015698587127158557,2021-08-31,2021-08-31,614,1
CHN/Qingdao_20396/2020|2020-10-11,3,3822,7.849293563579278e-4,2020-10-11,2020-10-11,290,1
VEN/Mir17/2021|2021-03-19,13,3822,0.003401360544217687,2021-03-19,2021-03-19,449,1
MYS/M_C15843/2021|2021-12-19,8,3816,0.0020964360587002098,2021-12-19,2021-12-19,724,0.9984301412872841
GIN/C2/2020|2020-05-13,1,3822,2.6164311878597594e-4,2020-05-13,2020-05-13,139,1
IDN/RSDS-RCVTD-UNAIR-33-B/2020|2020-06-24,1,3601,2.7770063871146905e-4,2020-06-24,2020-06-24,181,0.9421768707482994
Japan/Donner214/2020|2020-10-09,2,3822,5.232862375719519e-4,2020-10-09,2020-10-09,288,1
BGD/BD_IVPP_177/2021|2021-04-24,7,3325,0.002105263157894737,2021-04-24,2021-04-24,485,0.86996336996337
IDN/10761001088/2021|2021-06-08,7,3293,0.0021257212268448226,2021-06-08,2021-06-08,530,0.8615907901622187
OM272055|2021-07-08,8,3774,0.0021197668256491787,2021-07-08,2021-07-08,560,0.9874411302982732
THA/CONI-1203/2021|2021-11-08,9,3816,0.0023584905660377358,2021-11-08,2021-11-08,683,0.9984301412872841
KAZ/Delta-020/2021|2021-07-07,11,3821,0.0028788275320596702,2021-07-07,2021-07-07,559,0.999738356881214
OU999016|2020-08-23,3,3604,8.32408435072142e-4,2020-08-23,2020-08-23,241,0.9429618001046572
PAK/JRCGR_KHI_SCV-152/2021|2021-08-26,7,3612,0.001937984496124031,2021-08-26,2021-08-26,609,0.945054945054945
TZA/KIDH-03B13/2021|2021-03-30,8,3813,0.002098085496984002,2021-03-30,2021-03-30,460,0.9976452119309263
CHN/S161-1599-295356/2021|2021-06-17,8,3816,0.0020964360587002098,2021-06-17,2021-06-17,539,0.9984301412872841
CAN/Patient60/2021|2021-02-01,3,3820,7.853403141361257e-4,2021-02-01,2021-02-01,403,0.9994767137624281
BRA/hCoV-19-Brazil-RS-rBB-COV-130/2020|2020-07-27,2,3822,5.232862375719519e-4,2020-07-27,2020-07-27,214,1
SouthAfrica/NHLS-UCT-LA-Z577/2021|2021-07-28,8,3814,0.002097535395909806,2021-07-28,2021-07-28,580,0.9979068550497122
IND/INSACOG-GBRC1463/2021|2021-05-03,6,3642,0.0016474464579901153,2021-05-03,2021-05-03,494,0.9529042386185244
AUT/SKV-280/2021|2021-11-11,9,3816,0.0023584905660377358,2021-11-11,2021-11-11,686,0.9984301412872841
IND/KA-NIMH-SEQ-109/2021|2021-01-11,7,3798,0.0018430753027909425,2021-01-11,2021-01-11,382,0.9937205651491365
VNM/HCMC_778/2021|2021-12-13,6,3814,0.0015731515469323545,2021-12-13,2021-12-13,718,0.9979068550497122
GHA/AA-NYGC-GenCov-21-R14-QXCV650/2021|2021-06-10,9,3819,0.002356637863315004,2021-06-10,2021-06-10,532,0.9992150706436421
GHA/AA-NYGC-M915-UOVH788/2021|2021-04-30,9,3819,0.002356637863315004,2021-04-30,2021-04-30,491,0.9992150706436421
SAU/KAIMRC-S135/2020|2020-11-15,5,3782,0.0013220518244315177,2020-11-15,2020-11-15,325,0.989534275248561
OM267725|2021-07-15,6,3346,0.0017931858936043037,2021-07-15,2021-07-15,567,0.8754578754578755
CAN/Eta_NML_P2/2021|2021-05-03,10,3813,0.0026226068712300026,2021-05-03,2021-05-03,494,0.9976452119309263
CAN/Delta_NML_P4/2021|2021-10-05,8,3816,0.0020964360587002098,2021-10-05,2021-10-05,649,0.9984301412872841
Homosampiens/CHN/0601_14TY/2020|2020-06-01,0,3822,0,2020-06-01,2020-06-01,158,1
VEN/Bol5332/2021|2021-02-10,13,3822,0.003401360544217687,2021-02-10,2021-02-10,412,1
PHL/COVID53909/2021|2021-03-22,9,3813,0.0023603461841070024,2021-03-22,2021-03-22,452,0.9976452119309263
IND/GBRC568b/2021|2021-03-20,7,3813,0.0018358248098610018,2021-03-20,2021-03-20,450,0.9976452119309263
IND/GBRC576b/2021|2021-03-22,7,3813,0.0018358248098610018,2021-03-22,2021-03-22,452,0.9976452119309263
BGD/BD_B_211212_05/2021|2021-12-12,10,3541,0.002824060999717594,2021-12-12,2021-12-12,717,0.9264782836211408
Argentina/UW20112803205/2020|2020-11-28,5,3822,0.0013082155939298796,2020-11-28,2020-11-28,338,1
IND/571MN908947.3/2021|2021-09-25,11,3822,0.0028780743066457353,2021-09-25,2021-09-25,639,1
IND/514MN908947.3/2021|2021-09-25,7,3822,0.0018315018315018315,2021-09-25,2021-09-25,639,1
IND/GBRC1268/2021|2021-06-26,6,3816,0.0015723270440251573,2021-06-26,2021-06-26,548,0.9984301412872841
MEX/YUC-NYGC-67209/2020|2020-07-26,1,3822,2.6164311878597594e-4,2020-07-26,2020-07-26,213,1
IND/INSACOG-GBRC1607/2021|2021-08-21,7,3768,0.0018577494692144374,2021-08-21,2021-08-21,604,0.9858712715855573
SRB/IMIJ763152/2021|2021-07-29,6,3542,0.0016939582156973462,2021-07-29,2021-07-29,581,0.9267399267399268
IDN/10761001096/2021|2021-07-13,7,3542,0.001976284584980237,2021-07-13,2021-07-13,565,0.9267399267399268
IDN/10752101007/2021|2021-03-12,2,3822,5.232862375719519e-4,2021-03-12,2021-03-12,442,1
RUS/RU-Sar-722/2021|2021-04-01,4,3821,0.0010468463752944255,2021-04-01,2021-04-01,462,0.999738356881214
Pakistan/UHS2-Pak-411/2021|2021-07-22,9,3595,0.0025034770514603616,2021-07-22,2021-07-22,574,0.9406070120355835
CHN/S177-1805-322171/2021|2021-08-03,8,3816,0.0020964360587002098,2021-08-03,2021-08-03,586,0.9984301412872841
IND/AIIMS-Bhopal-Sample18/2021|2021-02-13,3,3822,7.849293563579278e-4,2021-02-13,2021-02-13,415,1
TWN/CGMH-CGU-43/2020|2020-12-21,2,3822,5.232862375719519e-4,2020-12-21,2020-12-21,361,1
IND/GBRC73/2020|2020-04-29,2,3822,5.232862375719519e-4,2020-04-29,2020-04-29,125,1
POL/IHG_PAS_1_69/2020|2020-04-11,1,3822,2.6164311878597594e-4,2020-04-11,2020-04-11,107,1
IND/GBRC306a/2020|2020-06-15,2,3822,5.232862375719519e-4,2020-06-15,2020-06-15,172,1
KOR/CNUHV03-CA22/2020|2020-05-20,3,3822,7.849293563579278e-4,2020-05-20,2020-05-20,146,1
JOR/SEARCH-0338-JOR/2020|2020-04-06,0,3702,0,2020-04-06,2020-04-06,102,0.9686028257456829
EGY/CUNCI-HGC7I028/2020|2020-07-19,1,3822,2.6164311878597594e-4,2020-07-19,2020-07-19,206,1
ESP/HUD-79063196/2020|2020-08-08,4,3822,0.0010465724751439038,2020-08-08,2020-08-08,226,1
Iraq/KR-SEARCH-120032/2021|2021-11-30,9,3796,0.0023709167544783984,2021-11-30,2021-11-30,705,0.9931972789115646
OZ286416|2021-07-23,9,3816,0.0023584905660377358,2021-07-23,2021-07-23,575,0.9984301412872841
Brazil/BR-RJ-UW21012274150/2021|2021-01-22,4,3822,0.0010465724751439038,2021-01-22,2021-01-22,393,1
BRA/BA-NVBS2585GENOV827810166906/2021|2021-07-06,13,3822,0.003401360544217687,2021-07-06,2021-07-06,558,1
PAK/JRCGR_SCV-59_IBGE-11/2020|2020-12-10,4,3822,0.0010465724751439038,2020-12-10,2020-12-10,350,1
OU471100|2021-04-19,5,3822,0.0013082155939298796,2021-04-19,2021-04-19,480,1
IND/Barcode05MN908947.3/2021|2021-09-10,7,3822,0.0018315018315018315,2021-09-10,2021-09-10,624,1
JOR/SEARCH-2585-JOR/2020|2020-06-21,1,3822,2.6164311878597594e-4,2020-06-21,2020-06-21,178,1
CHN/SH-P11-A-2-Shanghai/2020|2020-02-07,0,3822,0,2020-02-07,2020-02-07,43,1
COL/SEC-0312Z/2020|2020-12-27,12,3602,0.003331482509716824,2020-12-27,2020-12-27,367,0.9424385138670853
RUS/5834/2021|2021-01-18,2,3822,5.232862375719519e-4,2021-01-18,2021-01-18,389,1
CHN/S170-1778-317500/2021|2021-08-01,9,3816,0.0023584905660377358,2021-08-01,2021-08-01,584,0.9984301412872841
CHN/SH-P136-3-Europe-Germany/2020|2020-04-01,1,3822,2.6164311878597594e-4,2020-04-01,2020-04-01,97,1
Pakistan/UHS-PAK-S6/2021|2021-04-09,7,3739,0.0018721583311045735,2021-04-09,2021-04-09,470,0.978283621140764
BGD/ideSHi-IEDCR-233622/2021|2021-02-20,10,3816,0.002620545073375262,2021-02-20,2021-02-20,422,0.9984301412872841
IND/KA-NIMH-SEQ-171/2021|2021-01-21,1,3822,2.6164311878597594e-4,2021-01-21,2021-01-21,392,1
USA/WV128172/2021|2021-12-14,9,3816,0.0023584905660377358,2021-12-14,2021-12-14,719,0.9984301412872841
VEN/Bol4720/2021|2021-01-21,13,3822,0.003401360544217687,2021-01-21,2021-01-21,392,1
CAN/Patient55/2021|2021-01-25,3,3818,7.85751702462022e-4,2021-01-25,2021-01-25,396,0.998953427524856
CHN/S157-1507-274473/2021|2021-06-02,2,3822,5.232862375719519e-4,2021-06-02,2021-06-02,524,1
Japan/SZ-NIG-Y212114/2021|2021-09-13,8,3816,0.0020964360587002098,2021-09-13,2021-09-13,627,0.9984301412872841
LR884035|2020-04-01,0,3822,0,2020-04-01,2020-04-01,97,1
Wuhan-Hu-1/2019|2019-12-26,0,3822,0,2019-12-26,2019-12-26,0,1
CHN/Wuhan_IME-WH05/2019|2019-12-30,0,3822,0,2019-12-30,2019-12-30,4,1
IND/GMCKN318/2020|2020-03-11,1,3822,2.6164311878597594e-4,2020-03-11,2020-03-11,76,1
IND/OUMRK100/2020|2020-03-01,2,3822,5.232862375719519e-4,2020-03-01,2020-03-01,66,1
IND/GMC-KP1125/2020|2020-03-24,1,3822,2.6164311878597594e-4,2020-03-24,2020-03-24,89,1
GRC/208_33922/2020|2020-03-14,1,3822,2.6164311878597594e-4,2020-03-14,2020-03-14,79,1
ITA/INMI4/2020|2020-02-28,1,3822,2.6164311878597594e-4,2020-02-28,2020-02-28,64,1
IND/GBRC127/2020|2020-05-02,1,3822,2.6164311878597594e-4,2020-05-02,2020-05-02,128,1
GHA/84301_S35/2020|2020-05-24,1,3628,2.756339581036384e-4,2020-05-24,2020-05-24,150,0.9492412349555207
CAN/COVID_CRCHUM_Pre_Freeze_10/2020|2020-09-04,3,3822,7.849293563579278e-4,2020-09-04,2020-09-04,253,1
CHL/AR-UFRO-0291/2021|2021-10-22,7,3816,0.0018343815513626835,2021-10-22,2021-10-22,666,0.9984301412872841
MMR/Kalay-dsmrc-026/2021|2021-08-11,8,3816,0.0020964360587002098,2021-08-11,2021-08-11,594,0.9984301412872841
ROU/ro13/2021|2021-06-12,9,3811,0.0023615848858567303,2021-06-12,2021-06-12,534,0.9971219256933542
UGA/MUWRP-KIR200098/2020|2020-08-26,4,3822,0.0010465724751439038,2020-08-26,2020-08-26,244,1
MEX/SIN-3_D2689/2021|2021-08-18,10,3816,0.002620545073375262,2021-08-18,2021-08-18,601,0.9984301412872841
BRA/MS-NXBS1541GENOV701222535027/2021|2021-06-10,13,3822,0.003401360544217687,2021-06-10,2021-06-10,532,1
NGA/BCVL-18900/2021|2021-01-06,8,3629,0.002204464039680353,2021-01-06,2021-01-06,377,0.9495028780743067
USA/TG761765/2020|2020-12-21,4,3822,0.0010465724751439038,2020-12-21,2020-12-21,361,1
GTM/UGA-25023691/2021|2021-04-30,4,3813,0.001049042748492001,2021-04-30,2021-04-30,491,0.9976452119309263
SOM/NAMRU3_Mog_54/2021|2021-02-28,8,3813,0.002098085496984002,2021-02-28,2021-02-28,430,0.9976452119309263
IND/THSTI_287/2021|2021-04-06,7,3540,0.0019774011299435027,2021-04-06,2021-04-06,467,0.9262166405023547
BRA/GO-NXBS168GENOV70972895805/2021|2021-05-07,13,3822,0.003401360544217687,2021-05-07,2021-05-07,498,1
BRA/PR-NVBS3759GENOV827851616262/2021|2021-07-15,14,3822,0.003663003663003663,2021-07-15,2021-07-15,567,1
ITA/I_3_T0/2021|2021-12-22,10,3816,0.002620545073375262,2021-12-22,2021-12-22,727,0.9984301412872841
RUS/RUSPrimorye_5576/2021|2021-01-05,3,3822,7.849293563579278e-4,2021-01-05,2021-01-05,376,1
PRY/202102825_631902/2021|2021-01-31,4,3771,0.0010607265977194379,2021-01-31,2021-01-31,402,0.9866562009419152
IND/GBRC497a/2020|2020-12-06,2,3822,5.232862375719519e-4,2020-12-06,2020-12-06,346,1
IND/GBRC527/2020|2020-12-12,3,3822,7.849293563579278e-4,2020-12-12,2020-12-12,352,1
Argentina/UW20121041609/2020|2020-12-10,4,3822,0.0010465724751439038,2020-12-10,2020-12-10,350,1
CHN/GDIPH-GDPCC-05/2021|2021-01-26,8,3819,0.002094789211835559,2021-01-26,2021-01-26,397,0.9992150706436421
BGD/NGRI-R2-O25/2020|2020-09-10,2,3822,5.232862375719519e-4,2020-09-10,2020-09-10,259,1
MAR/CNRST-IND2-2021/2021|2021-04-22,9,3822,0.002354788069073783,2021-04-22,2021-04-22,483,1
SWE/1/2021|2021-07-12,7,3816,0.0018343815513626835,2021-07-12,2021-07-12,564,0.9984301412872841
OV104393|2021-02-09,7,3816,0.0018343815513626835,2021-02-09,2021-02-09,411,0.9984301412872841
IDN/10761001057/2021|2021-03-16,1,3544,2.821670428893905e-4,2021-03-16,2021-03-16,446,0.9272632129774987
NGA/CV4295/2021|2021-09-24,10,3737,0.002675943270002676,2021-09-24,2021-09-24,638,0.977760334903192
UGA/MUWRP-KIR200049S/2020|2020-08-28,1,3822,2.6164311878597594e-4,2020-08-28,2020-08-28,246,1
MLI/MAL0116/2021|2021-04-04,8,3668,0.0021810250817884407,2021-04-04,2021-04-04,465,0.9597069597069597
VNM/OUCRU-NHTD_B203/2021|2021-01-31,7,3813,0.0018358248098610018,2021-01-31,2021-01-31,402,0.9976452119309263
IND/GBRC555/2021|2021-01-10,4,3822,0.0010465724751439038,2021-01-10,2021-01-10,381,1
CHN/LA-5043/2021|2021-05-13,1,3822,2.6164311878597594e-4,2021-05-13,2021-05-13,504,1
MEX/CAM-426/2020|2020-03-18,1,3710,2.6954177897574127e-4,2020-03-18,2020-03-18,83,0.9706959706959707
RUS/6026/2021|2021-02-10,2,3822,5.232862375719519e-4,2021-02-10,2021-02-10,412,1
IND/CWS_0074_58788265/2021|2021-06-22,7,3821,0.0018319811567652448,2021-06-22,2021-06-22,544,0.999738356881214
Netherlands/NoordBrabant_131/2020|2020-04-08,1,3822,2.6164311878597594e-4,2020-04-08,2020-04-08,104,1
KOR/KCDC05-NCCP43327/2020|2020-03-17,0,3822,0,2020-03-17,2020-03-17,82,1
IND/CMP_34_FMR/2020|2020-09-09,7,3822,0.0018315018315018315,2020-09-09,2020-09-09,258,1
CHN/S187-1900-334195/2021|2021-08-12,8,3816,0.0020964360587002098,2021-08-12,2021-08-12,595,0.9984301412872841
CHN/SH-P28-A-2-Shanghai/2020|2020-02-08,0,3822,0,2020-02-08,2020-02-08,44,1
ETH/S10/2021|2021-01-27,4,3822,0.0010465724751439038,2021-01-27,2021-01-27,398,1
MYS/NCOV20216/2021|2021-03-11,4,3822,0.0010465724751439038,2021-03-11,2021-03-11,441,1
USA/VA-DCLS-10176/2021|2021-09-18,8,3816,0.0020964360587002098,2021-09-18,2021-09-18,632,0.9984301412872841
IND/KA-NIMH-SEQ-88/2020|2020-11-28,2,3822,5.232862375719519e-4,2020-11-28,2020-11-28,338,1
IND/KA-NIMH-SEQ-95/2020|2020-12-22,5,3822,0.0013082155939298796,2020-12-22,2020-12-22,362,1
SAU/KAIMRC-S255/2020|2020-12-09,5,3815,0.001310615989515072,2020-12-09,2020-12-09,349,0.9981684981684982
Serbia/UHB-43087878/2021|2021-10-05,8,3816,0.0020964360587002098,2021-10-05,2021-10-05,649,0.9984301412872841
NGA/CV234/2020|2020-05-02,1,3642,2.745744096650192e-4,2020-05-02,2020-05-02,128,0.9529042386185244
NGA/CV1678/2021|2021-03-08,8,3497,0.002287675150128682,2021-03-08,2021-03-08,438,0.9149659863945578
IND/GBRC572b/2021|2021-03-21,7,3813,0.0018358248098610018,2021-03-21,2021-03-21,451,0.9976452119309263
MRT/394426/2021|2021-10-22,8,3813,0.002098085496984002,2021-10-22,2021-10-22,666,0.9976452119309263
IND/INSACOG-GBRC1474/2021|2021-07-05,6,3816,0.0015723270440251573,2021-07-05,2021-07-05,557,0.9984301412872841
PAK/JRCGR_SCV-71/2020|2020-11-21,5,3822,0.0013082155939298796,2020-11-21,2020-11-21,331,1
TWN/CGMH-CGU-59/2021|2021-03-30,9,3813,0.0023603461841070024,2021-03-30,2021-03-30,460,0.9976452119309263
England/QEUH-13C4794/2021|2021-03-11,8,3813,0.002098085496984002,2021-03-11,2021-03-11,441,0.9976452119309263
SLE/nmimr-SLE-SARS-CoV-2-SLSEQ071/2021|2021-02-05,6,3822,0.0015698587127158557,2021-02-05,2021-02-05,407,1
BRA/RJ-NVBS6618GENOV828084689511/2021|2021-09-06,6,3816,0.0015723270440251573,2021-09-06,2021-09-06,620,0.9984301412872841
CHN/6579/2021|2021-06-11,8,3806,0.0021019442984760903,2021-06-11,2021-06-11,533,0.9958137100994244
OV020377|2021-10-13,7,3790,0.0018469656992084432,2021-10-13,2021-10-13,657,0.9916274201988488
USA/WA-CDC-UW21062010629/2021|2021-06-20,6,3816,0.0015723270440251573,2021-06-20,2021-06-20,542,0.9984301412872841
NGA/CV921/2021|2021-01-03,6,3696,0.0016233766233766235,2021-01-03,2021-01-03,374,0.967032967032967
CHN/SH-P199-4-Asia-Philippines/2020|2020-08-08,3,3822,7.849293563579278e-4,2020-08-08,2020-08-08,226,1
OM250422|2021-07-01,8,3816,0.0020964360587002098,2021-07-01,2021-07-01,553,0.9984301412872841
PAK/AKUs64/2020|2020-07-11,2,3822,5.232862375719519e-4,2020-07-11,2020-07-11,198,1
PAK/JRCGR-KHI26/2020|2020-06-02,3,3822,7.849293563579278e-4,2020-06-02,2020-06-02,159,1
IND/GBRC434/2020|2020-11-20,5,3822,0.0013082155939298796,2020-11-20,2020-11-20,330,1
IND/GBRC435/2020|2020-11-19,4,3822,0.0010465724751439038,2020-11-19,2020-11-19,329,1
PHL/PH-PGC-02434/2021|2021-01-12,7,3734,0.0018746652383502945,2021-01-12,2021-01-12,383,0.9769754055468342
CHN/S210-2688-050210/2021|2021-10-13,7,3816,0.0018343815513626835,2021-10-13,2021-10-13,657,0.9984301412872841
BGD/IEDCR-OIS-239/2021|2021-06-16,7,3815,0.001834862385321101,2021-06-16,2021-06-16,538,0.9981684981684982
BGD/BCSIR-JU-01/2020|2020-11-20,2,3822,5.232862375719519e-4,2020-11-20,2020-11-20,330,1
NGA/CV627/2020|2020-11-23,5,3822,0.0013082155939298796,2020-11-23,2020-11-23,333,1
NGA/CV369/2020|2020-04-20,1,3730,2.6809651474530834e-4,2020-04-20,2020-04-20,116,0.9759288330716902
IND/CWS_0014_49689056/2021|2021-05-24,7,3821,0.0018319811567652448,2021-05-24,2021-05-24,515,0.999738356881214
ETH/S2/2021|2021-01-26,5,3822,0.0013082155939298796,2021-01-26,2021-01-26,397,1
IND/CWS_0056_55110146/2021|2021-06-10,7,3822,0.0018315018315018315,2021-06-10,2021-06-10,532,1
IND/CWS_0027_48416209/2021|2021-05-20,6,3801,0.0015785319652722968,2021-05-20,2021-05-20,511,0.9945054945054945
IDN/RSDS-RCVTD-UNAIR-33-C/2020|2020-06-24,3,2771,0.0010826416456153013,2020-06-24,2020-06-24,181,0.7250130821559393
GIN/C1/2020|2020-05-14,1,3822,2.6164311878597594e-4,2020-05-14,2020-05-14,140,1
CHN/Hefei-20/2020|2020-01-26,2,3822,5.232862375719519e-4,2020-01-26,2020-01-26,31,1
BRA/1462/2021|2021-02-26,3,3822,7.849293563579278e-4,2021-02-26,2021-02-26,428,1
USA/AZ-CDC-LC0336428/2021|2021-10-06,8,3816,0.0020964360587002098,2021-10-06,2021-10-06,650,0.9984301412872841
AUT/SKV-245/2021|2021-08-26,11,3712,0.002963362068965517,2021-08-26,2021-08-26,609,0.9712192569335426
NGA/BCVL-26837/2021|2021-07-31,7,3705,0.0018893387314439945,2021-07-31,2021-07-31,583,0.9693877551020408
CHN/6546/2021|2021-06-10,8,3816,0.0020964360587002098,2021-06-10,2021-06-10,532,0.9984301412872841
IND/396MN908947.3/2021|2021-09-10,8,3822,0.0020931449502878076,2021-09-10,2021-09-10,624,1
BOL/291/2021|2021-06-27,7,3799,0.0018425901553040273,2021-06-27,2021-06-27,549,0.9939822082679226
IDN/10761001024/2021|2021-01-19,4,3626,0.0011031439602868175,2021-01-19,2021-01-19,390,0.9487179487179487
BRA/1833/2020|2020-05-10,2,3822,5.232862375719519e-4,2020-05-10,2020-05-10,136,1
MWI/MLW001015/2020|2020-12-23,8,3738,0.002140181915462814,2020-12-23,2020-12-23,363,0.978021978021978
IND/375MN908947.3/2021|2021-09-10,8,3822,0.0020931449502878076,2021-09-10,2021-09-10,624,1
IND/INSACOG-GBRC1516/2021|2021-07-27,6,3816,0.0015723270440251573,2021-07-27,2021-07-27,579,0.9984301412872841
IND/INSACOG-GBRC1594/2021|2021-08-16,8,3816,0.0020964360587002098,2021-08-16,2021-08-16,599,0.9984301412872841
BRA/SPPU-007/2020|2020-03-16,1,3822,2.6164311878597594e-4,2020-03-16,2020-03-16,81,1
HTI/Haiti-5-40/2021|2021-07-16,14,3822,0.003663003663003663,2021-07-16,2021-07-16,568,1
PRY/WOR12903A838_202103386_202103386_2-4740136/2021|2021-06-17,13,3822,0.003401360544217687,2021-06-17,2021-06-17,539,1
VNM/BinhDinh_01/2021|2021-09-18,8,3816,0.0020964360587002098,2021-09-18,2021-09-18,632,0.9984301412872841
MEX/CMX-2_1231/2021|2021-10-25,9,3816,0.0023584905660377358,2021-10-25,2021-10-25,669,0.9984301412872841
IND/GBRC644a/2021|2021-03-29,7,3822,0.0018315018315018315,2021-03-29,2021-03-29,459,1
IND/INSACOG-GBRC1522/2021|2021-08-06,7,3816,0.0018343815513626835,2021-08-06,2021-08-06,589,0.9984301412872841
DOM/202102982_598194/2021|2021-03-14,4,3822,0.0010465724751439038,2021-03-14,2021-03-14,444,1
IND/CD208550/2020|2020-09-16,2,3822,5.232862375719519e-4,2020-09-16,2020-09-16,265,1
IND/GBRC1270/2021|2021-06-26,7,3816,0.0018343815513626835,2021-06-26,2021-06-26,548,0.9984301412872841
USA/FL-CDC-LC0155443/2021|2021-08-02,7,3816,0.0018343815513626835,2021-08-02,2021-08-02,585,0.9984301412872841
Homosampiens/CHN/0530_07TY/2020|2020-05-30,1,3822,2.6164311878597594e-4,2020-05-30,2020-05-30,156,1
IND/IITRnCoV17/2020|2020-08-23,2,3602,5.55247084952804e-4,2020-08-23,2020-08-23,241,0.9424385138670853
VNM/OUCRU-NHTD_B222/2021|2021-02-16,7,3813,0.0018358248098610018,2021-02-16,2021-02-16,418,0.9976452119309263
TZA/KIDH-01B04/2021|2021-01-23,7,3595,0.0019471488178025036,2021-01-23,2021-01-23,394,0.9406070120355835
PHL/COVID-74517/2021|2021-07-01,9,3813,0.0023603461841070024,2021-07-01,2021-07-01,553,0.9976452119309263
VNM/OUCRU-NHTD390/2021|2021-04-30,8,3816,0.0020964360587002098,2021-04-30,2021-04-30,491,0.9984301412872841
CHN/SH-P77-B-3-Europe-Italy/2020|2020-03-16,3,3822,7.849293563579278e-4,2020-03-16,2020-03-16,81,1
GTM/UGA-5067712/2021|2021-08-03,7,3813,0.0018358248098610018,2021-08-03,2021-08-03,586,0.9976452119309263
GTM/UGA-25031938/2021|2021-07-24,5,3729,0.0013408420488066506,2021-07-24,2021-07-24,576,0.9756671899529042
PAK/244252/2021|2021-10-10,7,3617,0.0019353055017970694,2021-10-10,2021-10-10,654,0.9463631606488749
MLI/MAL0110/2021|2021-08-11,11,3674,0.0029940119760479044,2021-08-11,2021-08-11,594,0.9612768184196756
ETH/S5/2021|2021-01-23,3,3822,7.849293563579278e-4,2021-01-23,2021-01-23,394,1
IND/GBRC513a/2020|2020-11-28,5,3822,0.0013082155939298796,2020-11-28,2020-11-28,338,1
TZA/KIDH-01B06/2021|2021-01-23,4,3822,0.0010465724751439038,2021-01-23,2021-01-23,394,1
IND/hospital_2_111/2021|2021-04-07,8,3720,0.002150537634408602,2021-04-07,2021-04-07,468,0.9733124018838305
MYS/NCOV18523/2021|2021-02-23,3,3822,7.849293563579278e-4,2021-02-23,2021-02-23,425,1
IND/GBRC549/2021|2021-01-02,4,3822,0.0010465724751439038,2021-01-02,2021-01-02,373,1
CHN/SH-P180-4-Asia-India/2020|2020-06-23,1,3822,2.6164311878597594e-4,2020-06-23,2020-06-23,180,1
EGY/CCHE57357_Wave_3_A074/2021|2021-05-14,8,3822,0.0020931449502878076,2021-05-14,2021-05-14,505,1
LR963454|2020-05-01,1,3619,2.7631942525559546e-4,2020-05-01,2020-05-01,127,0.9468864468864469
LR992060|2020-03-16,1,3822,2.6164311878597594e-4,2020-03-16,2020-03-16,81,1
PHL/PH-PGC-03939/2021|2021-01-31,7,3813,0.0018358248098610018,2021-01-31,2021-01-31,402,0.9976452119309263
IND/INSACOG-GBRC1524/2021|2021-08-15,9,3816,0.0023584905660377358,2021-08-15,2021-08-15,598,0.9984301412872841
SouthAfrica/NHLS-UCT-GS-I671/2021|2021-09-10,6,3816,0.0015723270440251573,2021-09-10,2021-09-10,624,0.9984301412872841
MMR/DSMRC046/2021|2021-12-03,11,3816,0.002882599580712788,2021-12-03,2021-12-03,708,0.9984301412872841
JPN/JP_Hiro97933c/2020|2020-08-07,1,3820,2.617801047120419e-4,2020-08-07,2020-08-07,225,0.9994767137624281
IND/GBRC600/2021|2021-02-20,8,3813,0.002098085496984002,2021-02-20,2021-02-20,422,0.9976452119309263
ZAF/NHLS-UCT-GS-1925/2020|2020-08-26,1,3822,2.6164311878597594e-4,2020-08-26,2020-08-26,244,1
TUR/Ank_DLT/2021|2021-09-22,10,3730,0.002680965147453083,2021-09-22,2021-09-22,636,0.9759288330716902
PHL/PH-CRMC-13-21/2021|2021-05-24,9,3813,0.0023603461841070024,2021-05-24,2021-05-24,515,0.9976452119309263
PRT/PT_CBR_266199/2021|2021-11-29,10,3816,0.002620545073375262,2021-11-29,2021-11-29,704,0.9984301412872841
IND/KA-NIMH-SEQ-21/2020|2020-12-24,2,3822,5.232862375719519e-4,2020-12-24,2020-12-24,364,1
MLI/M00959/2020|2020-06-10,2,3822,5.232862375719519e-4,2020-06-10,2020-06-10,167,1
IND/CWS_0123_58017867/2021|2021-06-20,7,3787,0.0018484288354898336,2021-06-20,2021-06-20,542,0.9908424908424909
BRA/SARS-CoV-2_IC01049platelet.2/2020|2020-04-22,1,3822,2.6164311878597594e-4,2020-04-22,2020-04-22,118,1
TUR/Tur-P9/2020|2020-09-12,1,3822,2.6164311878597594e-4,2020-09-12,2020-09-12,261,1
MEX/CMX-2_1352/2021|2021-11-03,8,3550,0.0022535211267605635,2021-11-03,2021-11-03,678,0.9288330716902146
CHN/Hefei-863/2020|2020-02-28,1,3822,2.6164311878597594e-4,2020-02-28,2020-02-28,64,1
USA/CA-CDC-03047275-001/2020|2020-02-10,1,3822,2.6164311878597594e-4,2020-02-10,2020-02-10,46,1
USA/CA-CDC-03039595-001/2020|2020-01-29,0,3822,0,2020-01-29,2020-01-29,34,1
IRN/HGRC-01-IPI-8206/2020|2020-03-09,0,3822,0,2020-03-09,2020-03-09,74,1
GRC/54_37163/2020|2020-03-31,1,3822,2.6164311878597594e-4,2020-03-31,2020-03-31,96,1
IND/GBRC23/2020|2020-04-26,3,3822,7.849293563579278e-4,2020-04-26,2020-04-26,122,1
IND/GBRC89/2020|2020-04-25,1,3822,2.6164311878597594e-4,2020-04-25,2020-04-25,121,1
SAU/545/2020|2020-02-13,3,3822,7.849293563579278e-4,2020-02-13,2020-02-13,49,1
JOR/SEARCH-0044-JOR/2020|2020-03-16,1,3822,2.6164311878597594e-4,2020-03-16,2020-03-16,81,1
VEN/12MZ/2020|2020-05-22,1,3822,2.6164311878597594e-4,2020-05-22,2020-05-22,148,1
IND/GBRC-391a/2020|2020-07-06,3,3822,7.849293563579278e-4,2020-07-06,2020-07-06,193,1
IND/GBRC-389a/2020|2020-07-06,2,3822,5.232862375719519e-4,2020-07-06,2020-07-06,193,1
AUS/VIC13693/2020|2020-07-19,3,3799,7.896814951302974e-4,2020-07-19,2020-07-19,206,0.9939822082679226
POL/PL_MCB_64/2020|2020-06-06,1,3822,2.6164311878597594e-4,2020-06-06,2020-06-06,163,1
MW294007|2020-07-20,4,3822,0.0010465724751439038,2020-07-20,2020-07-20,207,1
RUS/3656/2020|2020-07-31,2,3822,5.232862375719519e-4,2020-07-31,2020-07-31,218,1
IND/GBRC559a/2021|2021-01-11,3,3822,7.849293563579278e-4,2021-01-11,2021-01-11,382,1
PAK/JRCGR_SCV-77/2021|2021-04-11,7,3813,0.0018358248098610018,2021-04-11,2021-04-11,472,0.9976452119309263
Belgium/42477217/2020|2020-10-09,3,3605,8.321775312066575e-4,2020-10-09,2020-10-09,288,0.9432234432234432
UZB/hCoV-19-Uzb-CGB-38/2021|2021-07-23,9,3816,0.0023584905660377358,2021-07-23,2021-07-23,575,0.9984301412872841
Scotland/QEUH-96FC99/2020|2020-08-18,1,3822,2.6164311878597594e-4,2020-08-18,2020-08-18,236,1
CHN/SH-P96-B-3-Africa-Burkina-faso/2020|2020-04-03,0,3822,0,2020-04-03,2020-04-03,99,1
TGO/nmimr-TG-SARS-CoV-2-TGS-015-21/2020|2020-12-22,4,3822,0.0010465724751439038,2020-12-22,2020-12-22,362,1
TWN/CGMH-CGU-55/2021|2021-01-28,12,3816,0.0031446540880503146,2021-01-28,2021-01-28,399,0.9984301412872841
JPN/HiroFH224c/2021|2021-10-15,8,3816,0.0020964360587002098,2021-10-15,2021-10-15,659,0.9984301412872841
CHN/SH-P96-A-3-Africa-Burkina-faso/2020|2020-03-23,0,3822,0,2020-03-23,2020-03-23,88,1
OM272056|2021-07-12,6,3507,0.001710863986313088,2021-07-12,2021-07-12,564,0.9175824175824175
OY966752|2020-01-29,1,3822,2.6164311878597594e-4,2020-01-29,2020-01-29,34,1
IND/GBRC1218/2021|2021-05-31,7,3816,0.0018343815513626835,2021-05-31,2021-05-31,522,0.9984301412872841
IND/hospital_2_108/2021|2021-03-27,7,3806,0.0018392012611665792,2021-03-27,2021-03-27,457,0.9958137100994244
CHN/S223-3468-433948/2021|2021-12-05,7,3816,0.0018343815513626835,2021-12-05,2021-12-05,710,0.9984301412872841
IDN/10761001101/2021|2021-08-19,9,2999,0.0030010003334444814,2021-08-19,2021-08-19,602,0.7846677132391419
CHN/SH-P26-2-Wuhan/2020|2020-02-06,1,3822,2.6164311878597594e-4,2020-02-06,2020-02-06,42,1
IDN/RSDS-RCVTD-UNAIR-35-A/2020|2020-06-24,4,3821,0.0010468463752944255,2020-06-24,2020-06-24,181,0.999738356881214
SOM/NAMRU3_Mog_24/2021|2021-04-06,7,3813,0.0018358248098610018,2021-04-06,2021-04-06,467,0.9976452119309263
IND/ICMR-NIRTH-S12/2020|2020-04-07,2,3428,5.834305717619603e-4,2020-04-07,2020-04-07,103,0.8969126111983254
LR883974|2020-03-27,0,3820,0,2020-03-27,2020-03-27,92,0.9994767137624281
Wuhan/IPBCAMS-WH-04/2019|2019-12-30,0,3822,0,2019-12-30,2019-12-30,4,1
IRN/KHGRC-3-2178/2020|2020-03-26,2,3822,5.232862375719519e-4,2020-03-26,2020-03-26,91,1
IND/GBRC61/2020|2020-05-03,1,3822,2.6164311878597594e-4,2020-05-03,2020-05-03,129,1
CHN/GZMU0016/2020|2020-02-25,0,3822,0,2020-02-25,2020-02-25,61,1
TLS/TL25/2020|2020-03-30,0,3822,0,2020-03-30,2020-03-30,95,1
MAR/RMPS05/2020|2020-03-30,1,3822,2.6164311878597594e-4,2020-03-30,2020-03-30,95,1
IND/GBRC299a/2020|2020-06-15,1,3822,2.6164311878597594e-4,2020-06-15,2020-06-15,172,1
GHA/84162_S45/2020|2020-04-25,0,3636,0,2020-04-25,2020-04-25,121,0.9513343799058085
GHA/2944_S9/2020|2020-03-30,2,3437,5.819028222286878e-4,2020-03-30,2020-03-30,95,0.8992673992673993
VEN/11MZ/2020|2020-05-23,3,3822,7.849293563579278e-4,2020-05-23,2020-05-23,149,1
IND/nimh-12171/2020|2020-05-06,1,3821,2.6171159382360636e-4,2020-05-06,2020-05-06,132,0.999738356881214
IND/GBRC423a/2020|2020-07-14,3,3822,7.849293563579278e-4,2020-07-14,2020-07-14,201,1
DOM/1563653/2021|2021-11-30,10,3816,0.002620545073375262,2021-11-30,2021-11-30,705,0.9984301412872841
DOM/1563527/2021|2021-12-02,9,3738,0.002407704654895666,2021-12-02,2021-12-02,707,0.978021978021978
VEN/LaG1414/2021|2021-02-28,3,3819,7.855459544383347e-4,2021-02-28,2021-02-28,430,0.9992150706436421
TUN/TUN-202129100/2021|2021-04-24,8,3813,0.002098085496984002,2021-04-24,2021-04-24,485,0.9976452119309263
IND/GBRC536a/2020|2020-12-23,3,3822,7.849293563579278e-4,2020-12-23,2020-12-23,363,1
OZ286457|2020-11-06,4,3675,0.0010884353741496598,2020-11-06,2020-11-06,316,0.9615384615384616
OU453225|2020-06-14,2,3711,5.389382915656157e-4,2020-06-14,2020-06-14,171,0.9709576138147566
CMR/CAM-555/2021|2021-05-01,9,3813,0.0023603461841070024,2021-05-01,2021-05-01,492,0.9976452119309263
JOR/SEARCH-5167-JOR/2020|2020-10-15,3,3822,7.849293563579278e-4,2020-10-15,2020-10-15,294,1
IDN/10761001075/2021|2021-04-21,6,3627,0.0016542597187758478,2021-04-21,2021-04-21,482,0.9489795918367347
BEN/MTMC_35_094/2021|2021-04-14,8,3816,0.0020964360587002098,2021-04-14,2021-04-14,475,0.9984301412872841
MEX/NLE_00765/2021|2021-04-15,7,3813,0.0018358248098610018,2021-04-15,2021-04-15,476,0.9976452119309263
GTM/UGA-3070708/2021|2021-04-20,3,3822,7.849293563579278e-4,2021-04-20,2021-04-20,481,1
KEN/C80960/2021|2021-01-20,5,3822,0.0013082155939298796,2021-01-20,2021-01-20,391,1
UZB/hCoV-19-Uzb-CGB-05/2020|2020-10-14,1,3822,2.6164311878597594e-4,2020-10-14,2020-10-14,293,1
USA/JFIL/2020|2020-11-28,2,3822,5.232862375719519e-4,2020-11-28,2020-11-28,338,1
KAZ/81_4/2021|2021-09-02,8,3816,0.0020964360587002098,2021-09-02,2021-09-02,616,0.9984301412872841
CHN/S210-2686-375465/2021|2021-10-13,6,3816,0.0015723270440251573,2021-10-13,2021-10-13,657,0.9984301412872841
PHL/COVID-61505/2021|2021-04-21,9,3813,0.0023603461841070024,2021-04-21,2021-04-21,482,0.9976452119309263
HG994287|2020-11-02,3,3822,7.849293563579278e-4,2020-11-02,2020-11-02,312,1
MMR/DSMRC_007/2021|2021-01-09,4,3822,0.0010465724751439038,2021-01-09,2021-01-09,380,1
RUS/Dubrovka/2020|2020-06-04,2,3795,5.270092226613965e-4,2020-06-04,2020-06-04,161,0.9929356357927787
GHA/nmimr-SARS-CoV-2-NTRA-15015/2020|2020-12-24,1,3822,2.6164311878597594e-4,2020-12-24,2020-12-24,364,1
BLR/Sars-Cov-2isolate724GomelBelarus/2021|2021-02-26,5,3822,0.0013082155939298796,2021-02-26,2021-02-26,428,1
CHN/SH-P73-A-3-Europe-Italy/2020|2020-03-12,3,3822,7.849293563579278e-4,2020-03-12,2020-03-12,77,1
CHN/SH-P184-4-Asia-Iraq/2020|2020-09-10,1,3822,2.6164311878597594e-4,2020-09-10,2020-09-10,259,1
UGA/MUWRP-MUL013N/2020|2020-11-30,6,3822,0.0015698587127158557,2020-11-30,2020-11-30,340,1
IND/INSACOG-GBRC1403/2021|2021-03-26,7,3733,0.0018751674256630056,2021-03-26,2021-03-26,456,0.9767137624280482
CHN/6173/2021|2021-06-01,8,3816,0.0020964360587002098,2021-06-01,2021-06-01,523,0.9984301412872841
UGA/MUWRP-KIR210120S/2021|2021-05-26,7,3816,0.0018343815513626835,2021-05-26,2021-05-26,517,0.9984301412872841
VNM/OUCRU-NHTD204/2021|2021-10-18,9,3816,0.0023584905660377358,2021-10-18,2021-10-18,662,0.9984301412872841
URY/1633_del4/2020|2020-11-10,3,3822,7.849293563579278e-4,2020-11-10,2020-11-10,320,1
IND/GBRC519b/2020|2020-11-24,2,3822,5.232862375719519e-4,2020-11-24,2020-11-24,334,1
IND/INSACOG-GBRC1525/2021|2021-08-12,9,3816,0.0023584905660377358,2021-08-12,2021-08-12,595,0.9984301412872841
IND/6/2021|2021-12-23,12,3822,0.0031397174254317113,2021-12-23,2021-12-23,728,1
MYS/NCOV4917/2021|2021-05-09,3,3822,7.849293563579278e-4,2021-05-09,2021-05-09,500,1
GHA/AA-NYGC-M617-UDXH019/2021|2021-03-15,7,3813,0.0018358248098610018,2021-03-15,2021-03-15,445,0.9976452119309263
IND/GBRC1276/2021|2021-07-10,8,3816,0.0020964360587002098,2021-07-10,2021-07-10,562,0.9984301412872841
CHN/S168-1737-316495/2021|2021-07-27,7,3816,0.0018343815513626835,2021-07-27,2021-07-27,579,0.9984301412872841
MMR/Monywa-dsmrc-024/2021|2021-08-12,7,3443,0.0020331106593087424,2021-08-12,2021-08-12,595,0.9008372579801152
